广东省各级人民法院2025年考试录用公务员职位表,,,,,,,,,,,,,,,
招考单位,单位代码,招考职位,职位代码,职位简介,职位类型,录用人数,学历,学位,"研究生专业
名称及代码","本科专业
名称及代码","大专专业
名称及代码",是否要求2年以上基层工作经历,是否限应届毕业生报考,其他要求,考区
广东省高级人民法院,3990001,横琴粤澳深度合作区人民法院审判业务部门五级法官助理,39900012548001 ,从事审判辅助工作,法院法官助理职位,2,研究生,硕士以上,"民商法学（含：劳动法学、社会保障法学）(A030105),国际法学（含：国际公法、国际私法、国际经济法）(A030109)",,,否,2025届高校毕业生,"通过法律职业资格考试;普通高等院校毕业生（非在职）, 本科须为法学专业且获法学学士学位",珠海
广东省高级人民法院,3990001,横琴粤澳深度合作区人民法院审判业务部门五级法官助理,39900012548002 ,从事涉外、涉港澳台相关审判辅助工作,法院法官助理职位,1,研究生,硕士以上,"民商法学（含：劳动法学、社会保障法学）(A030105),国际法学（含：国际公法、国际私法、国际经济法）(A030109)",,,否,否,"通过法律职业资格考试;普通高等院校毕业生（非在职）, 本科须为法学专业且获法学学士学位",珠海
广东省高级人民法院,3990001,横琴粤澳深度合作区人民法院综合办公室（司法警察大队）一级科员,39900012549001 ,从事财务工作,法院司法行政职位,1,本科以上,学士以上,"审计硕士（专业硕士）(A020218),会计学(A120201),会计硕士（专业硕士）(A120206)","会计学(B120203),财务管理(B120204),审计学(B120207)",,否,否,,珠海
广东省高级人民法院,3990001,横琴粤澳深度合作区人民法院综合办公室（司法警察大队）一级警员,39900012550001 ,从事押解、看管、值庭、审判秩序维护等司法警务工作,法院司法警察职位,1,本科以上,学士以上,"法学(A0301),公安学(A0306)","法学类(B0301),公安学类(B0306)",,否,2025届高校毕业生,男性;中共党员;需开展心理素质测评,珠海
广州铁路运输法院,3990005,刑事审判庭四级法官助理,39900052548001 ,从事协助法官履行审判职责工作,法院法官助理职位,1,研究生,硕士,"刑法学(A030104),诉讼法学(A030106)",,,否,否,"通过法律职业资格考试;普通高等院校毕业生（非在职）, 本科须为法学专业且获法学学士学位",广州
广州铁路运输法院,3990005,综合办公室（司法警察大队）一级警员,39900052550001 ,从事押解、值庭、安全保卫等工作,法院司法警察职位,1,本科,学士,,"警务指挥与战术(B030615),网络安全与执法(B083108)",,否,否,男性;中共党员,广州
广州铁路运输法院,3990005,综合办公室（司法警察大队）一级警员,39900052550002 ,从事押解、值庭、安全保卫等工作,法院司法警察职位,1,本科,学士,,"警务指挥与战术(B030615),网络安全与执法(B083108)",,否,否,女性;中共党员,广州
广州市中级人民法院,3010001,刑事审判庭四级法官助理,30100012548001 ,从事刑事审判辅助工作,法院法官助理职位,1,研究生,硕士,06法律类,,,否,否,"男性;通过法律职业资格考试;普通高等院校毕业生（非在职）, 本科须为法学专业且获法学学士学位",广州
广州市中级人民法院,3010001,刑事审判庭四级法官助理,30100012548002 ,从事刑事审判辅助工作,法院法官助理职位,1,研究生,硕士,06法律类,,,否,否,"女性;通过法律职业资格考试;普通高等院校毕业生（非在职）, 本科须为法学专业且获法学学士学位",广州
广州市中级人民法院,3010001,民事审判庭四级法官助理,30100012548003 ,从事民商事审判辅助工作,法院法官助理职位,4,研究生,硕士,06法律类,,,否,2025届高校毕业生,"男性;通过法律职业资格考试;普通高等院校毕业生（非在职）, 本科须为法学专业且获法学学士学位",广州
广州市中级人民法院,3010001,民事审判庭四级法官助理,30100012548004 ,从事民商事审判辅助工作,法院法官助理职位,4,研究生,硕士,06法律类,,,否,2025届高校毕业生,"女性;通过法律职业资格考试;普通高等院校毕业生（非在职）, 本科须为法学专业且获法学学士学位",广州
广州市中级人民法院,3010001,司法警察支队四级警长以下,30100012550001 ,从事押解、维护审判秩序、配合实施执行措施、法庭安全保卫等工作,法院司法警察职位,2,本科以上,学士以上,公安学(A0306),公安学类(B0306),,否,否,男性,广州
广州市越秀区人民法院,3010002,知识产权审判庭五级法官助理,30100022548001 ,从事知识产权案件审判辅助工作,法院法官助理职位,2,本科以上,学士以上,法学(A0301),"法学(B030101),知识产权(B030102)",,否,应届毕业生,男性;通过法律职业资格考试;普通高等院校毕业生（非在职）,广州
广州市越秀区人民法院,3010002,知识产权审判庭五级法官助理,30100022548002 ,从事知识产权案件审判辅助工作,法院法官助理职位,2,本科以上,学士以上,法学(A0301),"法学(B030101),知识产权(B030102)",,否,应届毕业生,女性;通过法律职业资格考试;普通高等院校毕业生（非在职）,广州
广州市越秀区人民法院,3010002,民事审判二庭（金融审判庭）五级法官助理,30100022548003 ,从事民商事、金融案件审判辅助工作,法院法官助理职位,3,本科以上,学士以上,法学(A0301),"法学(B030101),知识产权(B030102)",,否,否,男性;通过法律职业资格考试;普通高等院校毕业生（非在职）,广州
广州市越秀区人民法院,3010002,民事审判二庭（金融审判庭）五级法官助理,30100022548004 ,从事民商事、金融案件审判辅助工作,法院法官助理职位,3,本科以上,学士以上,法学(A0301),"法学(B030101),知识产权(B030102)",,否,否,女性;通过法律职业资格考试;普通高等院校毕业生（非在职）,广州
广州市越秀区人民法院,3010002,执行局五级法官助理,30100022548005 ,从事案件的执行相关工作,法院法官助理职位,1,本科以上,学士以上,法学(A0301),"法学(B030101),知识产权(B030102)",,否,否,通过法律职业资格考试;普通高等院校毕业生（非在职）,广州
广州市海珠区人民法院,3010003,审判部门五级法官助理,30100032548001 ,从事审判辅助性工作,法院法官助理职位,3,本科以上,学士以上,法学(A0301),"法学(B030101),知识产权(B030102)",,否,2025届高校毕业生,男性;通过法律职业资格考试;普通高等院校毕业生（非在职）,广州
广州市海珠区人民法院,3010003,审判部门五级法官助理,30100032548002 ,从事审判辅助性工作,法院法官助理职位,3,本科以上,学士以上,法学(A0301),"法学(B030101),知识产权(B030102)",,否,2025届高校毕业生,女性;通过法律职业资格考试;普通高等院校毕业生（非在职）,广州
广州市海珠区人民法院,3010003,执行局五级法官助理,30100032548003 ,从事执行辅助性工作,法院法官助理职位,1,本科以上,学士以上,法学(A0301),"法学(B030101),知识产权(B030102)",,否,否,男性;通过法律职业资格考试;普通高等院校毕业生（非在职）,广州
广州市海珠区人民法院,3010003,执行局五级法官助理,30100032548004 ,从事执行辅助性工作,法院法官助理职位,1,本科以上,学士以上,法学(A0301),"法学(B030101),知识产权(B030102)",,否,否,女性;通过法律职业资格考试;普通高等院校毕业生（非在职）,广州
广州市海珠区人民法院,3010003,审判管理办公室（研究室）一级科员,30100032549001 ,从事审判管理工作,法院司法行政职位,1,本科以上,学士以上,法学(A0301),法学类(B0301),,否,否,男性,广州
广州市海珠区人民法院,3010003,审判管理办公室（研究室）一级科员,30100032549002 ,从事审判管理工作,法院司法行政职位,1,本科以上,学士以上,法学(A0301),法学类(B0301),,否,否,女性,广州
广州市海珠区人民法院,3010003,综合办公室一级科员,30100032549003 ,从事财务工作,法院司法行政职位,1,本科以上,学士以上,"会计学(A120201),会计硕士（专业硕士）(A120206)","会计学(B120203),财务管理(B120204),审计学(B120207)",,否,否,,广州
广州市海珠区人民法院,3010003,司法警察大队一级警员,30100032550001 ,从事押解、值庭、安全保卫等工作,法院司法警察职位,2,本科以上,学士以上,"法学(A0301),公安学(A0306)","法学类(B0301),公安学类(B0306)",,否,否,男性,广州
广州市荔湾区人民法院,3010004,审判业务部门五级法官助理,30100042548001 ,从事审判辅助工作,法院法官助理职位,3,本科以上,学士以上,"民商法学（含：劳动法学、社会保障法学）(A030105),诉讼法学(A030106),经济法学(A030107)","法学(B030101),知识产权(B030102)",,否,2025届高校毕业生,"男性;通过法律职业资格考试;普通高等院校毕业生（非在职）, 研究生报考者本科须为法学专业且获法学学士学位",广州
广州市荔湾区人民法院,3010004,审判业务部门五级法官助理,30100042548002 ,从事审判辅助工作,法院法官助理职位,3,本科以上,学士以上,"民商法学（含：劳动法学、社会保障法学）(A030105),诉讼法学(A030106),经济法学(A030107)","法学(B030101),知识产权(B030102)",,否,2025届高校毕业生,"女性;通过法律职业资格考试;普通高等院校毕业生（非在职）, 研究生报考者本科须为法学专业且获法学学士学位",广州
广州市荔湾区人民法院,3010004,审判业务部门五级法官助理,30100042548003 ,从事审判辅助工作,法院法官助理职位,2,本科以上,学士以上,"法学理论(A030101),刑法学(A030104),诉讼法学(A030106)","法学(B030101),知识产权(B030102)",,否,否,"男性;通过法律职业资格考试;普通高等院校毕业生（非在职）, 研究生报考者本科须为法学专业且获法学学士学位",广州
广州市荔湾区人民法院,3010004,审判业务部门五级法官助理,30100042548004 ,从事审判辅助工作,法院法官助理职位,2,本科以上,学士以上,"法学理论(A030101),刑法学(A030104),诉讼法学(A030106)","法学(B030101),知识产权(B030102)",,否,否,"女性;通过法律职业资格考试;普通高等院校毕业生（非在职）, 研究生报考者本科须为法学专业且获法学学士学位",广州
广州市荔湾区人民法院,3010004,执行局五级法官助理,30100042548005 ,从事执行辅助工作,法院法官助理职位,1,本科以上,学士以上,法学(A0301),"法学(B030101),知识产权(B030102)",,否,否,"男性;通过法律职业资格考试;普通高等院校毕业生（非在职）, 研究生报考者本科须为法学专业且获法学学士学位",广州
广州市荔湾区人民法院,3010004,执行局五级法官助理,30100042548006 ,从事执行辅助工作,法院法官助理职位,1,本科以上,学士以上,法学(A0301),"法学(B030101),知识产权(B030102)",,否,否,"女性;通过法律职业资格考试;普通高等院校毕业生（非在职）, 研究生报考者本科须为法学专业且获法学学士学位",广州
广州市荔湾区人民法院,3010004,司法警察大队一级警员,30100042550001 ,从事押解、维护审判秩序、配合实施执行措施等工作,法院司法警察职位,3,本科以上,学士以上,"法学(A0301),公安学(A0306)","法学类(B0301),公安学类(B0306)",,否,否,男性,广州
广州市天河区人民法院,3010005,五级法官助理,30100052548001 ,从事审判辅助工作,法院法官助理职位,2,本科以上,学士、硕士,法学(A0301),"法学(B030101),知识产权(B030102)",,否,2025届高校毕业生,"男性;通过法律职业资格考试;普通高等院校毕业生（非在职）, 研究生报考者本科须为法学专业且获法学学士学位",广州
广州市天河区人民法院,3010005,五级法官助理,30100052548002 ,从事审判辅助工作,法院法官助理职位,2,本科以上,学士、硕士,法学(A0301),"法学(B030101),知识产权(B030102)",,否,2025届高校毕业生,"女性;通过法律职业资格考试;普通高等院校毕业生（非在职）, 研究生报考者本科须为法学专业且获法学学士学位",广州
广州市天河区人民法院,3010005,五级法官助理,30100052548003 ,从事执行辅助工作,法院法官助理职位,1,本科以上,学士、硕士,法学(A0301),"法学(B030101),知识产权(B030102)",,否,否,"通过法律职业资格考试;普通高等院校毕业生（非在职）, 研究生报考者本科须为法学专业且获法学学士学位",广州
广州市天河区人民法院,3010005,司法警察大队一级警员,30100052550001 ,从事司法警察工作,法院司法警察职位,1,本科,学士,,公安学类(B0306),,否,否,男性,广州
广州市白云区人民法院,3010006,民事审判一庭五级法官助理,30100062548001 ,从事民商事审判辅助工作,法院法官助理职位,2,本科以上,学士以上,法学(A0301),"法学(B030101),知识产权(B030102)",,否,应届毕业生,男性;通过法律职业资格考试;普通高等院校毕业生（非在职）,广州
广州市白云区人民法院,3010006,民事审判一庭五级法官助理,30100062548002 ,从事民商事审判辅助工作,法院法官助理职位,2,本科以上,学士以上,法学(A0301),"法学(B030101),知识产权(B030102)",,否,应届毕业生,女性;通过法律职业资格考试;普通高等院校毕业生（非在职）,广州
广州市白云区人民法院,3010006,民事审判二庭五级法官助理,30100062548003 ,从事民商事审判辅助工作,法院法官助理职位,2,本科以上,学士以上,法学(A0301),"法学(B030101),知识产权(B030102)",,否,否,男性;通过法律职业资格考试;普通高等院校毕业生（非在职）,广州
广州市白云区人民法院,3010006,民事审判二庭五级法官助理,30100062548004 ,从事民商事审判辅助工作,法院法官助理职位,2,本科以上,学士以上,法学(A0301),"法学(B030101),知识产权(B030102)",,否,否,女性;通过法律职业资格考试;普通高等院校毕业生（非在职）,广州
广州市白云区人民法院,3010006,民事审判三庭五级法官助理,30100062548005 ,从事民商事审判辅助工作,法院法官助理职位,1,本科以上,学士以上,法学(A0301),"法学(B030101),知识产权(B030102)",,否,否,男性;通过法律职业资格考试;普通高等院校毕业生（非在职）,广州
广州市白云区人民法院,3010006,民事审判三庭五级法官助理,30100062548006 ,从事民商事审判辅助工作,法院法官助理职位,1,本科以上,学士以上,法学(A0301),"法学(B030101),知识产权(B030102)",,否,否,女性;通过法律职业资格考试;普通高等院校毕业生（非在职）,广州
广州市白云区人民法院,3010006,综合办公室一级科员,30100062549001 ,从事财务工作,法院司法行政职位,2,本科以上,学士以上,会计学(A120201),会计学(B120203),,否,否,具有会计专业技术资格（中级以上）,广州
广州市黄埔区人民法院,3010007,审判业务部门五级法官助理,30100072548001 ,从事审判辅助工作,法院法官助理职位,3,本科以上,学士以上,法学(A0301),"法学(B030101),知识产权(B030102)",,否,应届毕业生,"男性;通过法律职业资格考试;普通高等院校毕业生（非在职）, 研究生报考者本科须为法学专业且获法学学士学位",广州
广州市黄埔区人民法院,3010007,审判业务部门五级法官助理,30100072548002 ,从事审判辅助工作,法院法官助理职位,3,本科以上,学士以上,法学(A0301),"法学(B030101),知识产权(B030102)",,否,应届毕业生,"女性;通过法律职业资格考试;普通高等院校毕业生（非在职）, 研究生报考者本科须为法学专业且获法学学士学位",广州
广州市黄埔区人民法院,3010007,执行业务部门五级法官助理,30100072548003 ,从事执行辅助工作,法院法官助理职位,1,本科以上,学士以上,法学(A0301),"法学(B030101),知识产权(B030102)",,否,否,"男性;通过法律职业资格考试;普通高等院校毕业生（非在职）, 研究生报考者本科须为法学专业且获法学学士学位",广州
广州市黄埔区人民法院,3010007,执行业务部门五级法官助理,30100072548004 ,从事执行辅助工作,法院法官助理职位,1,本科以上,学士以上,法学(A0301),"法学(B030101),知识产权(B030102)",,否,否,"女性;通过法律职业资格考试;普通高等院校毕业生（非在职）, 研究生报考者本科须为法学专业且获法学学士学位",广州
广州市黄埔区人民法院,3010007,人民法庭五级法官助理,30100072548005 ,从事审判辅助工作,法院法官助理职位,1,本科以上,学士以上,法学(A0301),"法学(B030101),知识产权(B030102)",,否,否,"男性;通过法律职业资格考试;普通高等院校毕业生（非在职）, 研究生报考者本科须为法学专业且获法学学士学位",广州
广州市黄埔区人民法院,3010007,人民法庭五级法官助理,30100072548006 ,从事审判辅助工作,法院法官助理职位,1,本科以上,学士以上,法学(A0301),"法学(B030101),知识产权(B030102)",,否,否,"女性;通过法律职业资格考试;普通高等院校毕业生（非在职）, 研究生报考者本科须为法学专业且获法学学士学位",广州
广州市黄埔区人民法院,3010007,司法警察大队一级警员,30100072550001 ,从事司法警察工作,法院司法警察职位,1,本科,学士,,"治安学(B030601),国内安全保卫(B030614),体育教育(B040201),运动训练(B040202)",,否,否,男性,广州
广州市花都区人民法院,3010008,审判业务庭四级法官助理,30100082548001 ,从事审判辅助工作,法院法官助理职位,1,研究生,硕士,"刑法学(A030104),民商法学（含：劳动法学、社会保障法学）(A030105),诉讼法学(A030106),经济法学(A030107)",,,否,2025届高校毕业生,"通过法律职业资格考试;普通高等院校毕业生（非在职）, 本科须为法学专业且获法学学士学位",广州
广州市番禺区人民法院,3010009,民事审判庭五级法官助理,30100092548001 ,从事民商事审判辅助工作,法院法官助理职位,2,本科以上,学士以上,法学(A0301),"法学(B030101),知识产权(B030102)",,否,否,男性;通过法律职业资格考试;普通高等院校毕业生（非在职）,广州
广州市番禺区人民法院,3010009,民事审判庭五级法官助理,30100092548002 ,从事民商事审判辅助工作,法院法官助理职位,2,本科以上,学士以上,法学(A0301),"法学(B030101),知识产权(B030102)",,否,否,女性;通过法律职业资格考试;普通高等院校毕业生（非在职）,广州
广州市番禺区人民法院,3010009,民事审判庭五级法官助理,30100092548003 ,从事民商事审判辅助工作,法院法官助理职位,1,本科以上,学士以上,法学(A0301),"法学(B030101),知识产权(B030102)",,否,2025届高校毕业生,男性;通过法律职业资格考试;普通高等院校毕业生（非在职）,广州
广州市番禺区人民法院,3010009,民事审判庭五级法官助理,30100092548004 ,从事民商事审判辅助工作,法院法官助理职位,1,本科以上,学士以上,法学(A0301),"法学(B030101),知识产权(B030102)",,否,2025届高校毕业生,女性;通过法律职业资格考试;普通高等院校毕业生（非在职）,广州
广州市番禺区人民法院,3010009,司法警察大队一级警员,30100092550001 ,从事押解、值庭、安全保卫等工作,法院司法警察职位,1,本科,学士,,公安学类(B0306),,否,否,男性,广州
广州市南沙区人民法院（广东自由贸易区南沙片区人民法院),3010010,综合审判庭（涉外审判庭）四级法官助理,30100102548001 ,从事民商事审判、涉外审判辅助工作,法院法官助理职位,1,研究生,硕士,"民商法学（含：劳动法学、社会保障法学）(A030105),经济法学(A030107),国际法学（含：国际公法、国际私法、国际经济法）(A030109)",,,否,否,"男性;通过法律职业资格考试;普通高等院校毕业生（非在职）, 本科须为法学专业且获法学学士学位",广州
广州市南沙区人民法院（广东自由贸易区南沙片区人民法院),3010010,综合审判庭（涉外审判庭）四级法官助理,30100102548002 ,从事民商事审判、涉外审判辅助工作,法院法官助理职位,1,研究生,硕士,"民商法学（含：劳动法学、社会保障法学）(A030105),经济法学(A030107),国际法学（含：国际公法、国际私法、国际经济法）(A030109)",,,否,否,"女性;通过法律职业资格考试;普通高等院校毕业生（非在职）, 本科须为法学专业且获法学学士学位",广州
广州市南沙区人民法院（广东自由贸易区南沙片区人民法院),3010010,综合审判庭（涉外审判庭）五级法官助理,30100102548003 ,从事民商事审判、涉外审判辅助工作,法院法官助理职位,2,本科以上,学士以上,"民商法学（含：劳动法学、社会保障法学）(A030105),经济法学(A030107),国际法学（含：国际公法、国际私法、国际经济法）(A030109)","法学(B030101),知识产权(B030102)",,否,2025届高校毕业生,"通过法律职业资格考试;普通高等院校毕业生（非在职）, 研究生报考者本科须为法学专业且获法学学士学位",广州
广州市南沙区人民法院（广东自由贸易区南沙片区人民法院),3010010,知识产权审判庭五级法官助理,30100102548004 ,从事民商事审判（含涉外知识产权审判）辅助工作,法院法官助理职位,1,本科以上,学士以上,"民商法学（含：劳动法学、社会保障法学）(A030105),经济法学(A030107),国际法学（含：国际公法、国际私法、国际经济法）(A030109)","法学(B030101),知识产权(B030102)",,否,否,"通过法律职业资格考试;普通高等院校毕业生（非在职）, 研究生报考者本科须为法学专业且获法学学士学位",广州
广州市南沙区人民法院（广东自由贸易区南沙片区人民法院),3010010,刑事审判庭五级法官助理,30100102548005 ,从事刑事审判辅助工作,法院法官助理职位,1,本科以上,学士以上,"刑法学(A030104),民商法学（含：劳动法学、社会保障法学）(A030105)","法学(B030101),知识产权(B030102)",,否,2025届高校毕业生,"通过法律职业资格考试;普通高等院校毕业生（非在职）, 研究生报考者本科须为法学专业且获法学学士学位",广州
广州市南沙区人民法院（广东自由贸易区南沙片区人民法院),3010010,司法警察大队二级警长以下,30100102550001 ,从事押解、维护审判秩序、配合实施执行措施等工作,法院司法警察职位,1,本科以上,学士以上,"法学(A0301),公安学(A0306)","法学类(B0301),公安学类(B0306)",,否,否,男性,广州
广州市从化区人民法院,3010011,审判业务部门五级法官助理,30100112548001 ,从事审判辅助工作,法院法官助理职位,2,本科以上,学士以上,法学(A0301),"法学(B030101),知识产权(B030102)",,否,2025届高校毕业生,男性;通过法律职业资格考试;普通高等院校毕业生（非在职）,广州
广州市从化区人民法院,3010011,审判业务部门五级法官助理,30100112548002 ,从事审判辅助工作,法院法官助理职位,2,本科以上,学士以上,法学(A0301),"法学(B030101),知识产权(B030102)",,否,2025届高校毕业生,女性;通过法律职业资格考试;普通高等院校毕业生（非在职）,广州
广州市从化区人民法院,3010011,审判业务部门五级法官助理,30100112548003 ,从事审判辅助工作,法院法官助理职位,2,本科以上,学士以上,法学(A0301),"法学(B030101),知识产权(B030102)",,否,否,男性;通过法律职业资格考试;普通高等院校毕业生（非在职）,广州
广州市从化区人民法院,3010011,审判业务部门五级法官助理,30100112548004 ,从事审判辅助工作,法院法官助理职位,2,本科以上,学士以上,法学(A0301),"法学(B030101),知识产权(B030102)",,否,否,女性;通过法律职业资格考试;普通高等院校毕业生（非在职）,广州
广州市从化区人民法院,3010011,综合办公室一级科员,30100112549001 ,从事账目处理、财务预算、决算、财务档案管理等财务相关工作,法院司法行政职位,1,本科以上,学士以上,"会计学(A120201),会计硕士（专业硕士）(A120206)","会计学(B120203),财务管理(B120204)",,否,否,,广州
广州市从化区人民法院,3010011,司法警察大队一级警员,30100112550001 ,从事押解、维护审判秩序、配合实施执行措施、法庭安全保卫等工作,法院司法警察职位,1,本科,学士,,"法学类(B0301),公安学类(B0306)",,否,否,男性,广州
广州市增城区人民法院,3010012,审判业务部门五级法官助理,30100122548001 ,从事审判辅助工作,法院法官助理职位,3,本科以上,学士以上,法学(A0301),"法学(B030101),知识产权(B030102)",,否,否,男性;通过法律职业资格考试;普通高等院校毕业生（非在职）,广州
广州市增城区人民法院,3010012,审判业务部门五级法官助理,30100122548002 ,从事审判辅助工作,法院法官助理职位,3,本科以上,学士以上,法学(A0301),"法学(B030101),知识产权(B030102)",,否,否,女性;通过法律职业资格考试;普通高等院校毕业生（非在职）,广州
广州市增城区人民法院,3010012,执行局五级法官助理,30100122548003 ,从事执行辅助工作,法院法官助理职位,1,本科以上,学士以上,法学(A0301),"法学(B030101),知识产权(B030102)",,否,应届毕业生,通过法律职业资格考试;普通高等院校毕业生（非在职）,广州
广州市增城区人民法院,3010012,政治部（机关党委、督察室）一级科员,30100122549001 ,从事党建、组织人事、综合行政等工作,法院司法行政职位,1,本科以上,学士以上,"马克思主义理论(A0305),语言学及应用语言学(A050102),汉语言文字学(A050103),企业管理（含：财务管理、市场营销、人力资源管理）(A120202),行政管理(A120401)","马克思主义理论类(B0305),汉语言文学(B050101),汉语言(B050102),人力资源管理(B120206),行政管理(B120402)",,否,应届毕业生,中共党员;企业管理（限：人力资源管理）（A120202）,广州
广州市增城区人民法院,3010012,综合办公室一级科员,30100122549002 ,从事信息化建设、网络管理等工作,法院司法行政职位,1,本科以上,学士以上,"计算机科学与技术(A0812),软件工程(A0835),软件工程硕士（专业硕士）(A084005)","计算机科学与技术(B080901),软件工程(B080902),网络工程(B080903)",,否,应届毕业生,,广州
广州互联网法院,3010013,综合审判庭五级法官助理,30100132548001 ,从事涉互联网民商事审判辅助工作,法院法官助理职位,1,本科以上,学士以上,06法律类,06法律类,,否,否,男性;通过法律职业资格考试;普通高等院校毕业生（非在职）,广州
广州互联网法院,3010013,综合审判庭五级法官助理,30100132548002 ,从事涉互联网民商事审判辅助工作,法院法官助理职位,1,本科以上,学士以上,06法律类,06法律类,,否,否,女性;通过法律职业资格考试;普通高等院校毕业生（非在职）,广州
广州互联网法院,3010013,综合审判庭五级法官助理,30100132548003 ,从事涉互联网民商事审判辅助工作,法院法官助理职位,1,本科以上,学士以上,06法律类,06法律类,,否,应届毕业生,男性;通过法律职业资格考试;普通高等院校毕业生（非在职）,广州
广州互联网法院,3010013,综合审判庭五级法官助理,30100132548004 ,从事涉互联网民商事审判辅助工作,法院法官助理职位,1,本科以上,学士以上,06法律类,06法律类,,否,应届毕业生,女性;通过法律职业资格考试;普通高等院校毕业生（非在职）,广州
深圳市中级人民法院,3020001,审判业务部门二级法官助理,30200012548001 ,从事审判辅助工作,法院法官助理职位,2,研究生,博士,"民商法学（含：劳动法学、社会保障法学）(A030105),经济法学(A030107),国际法学（含：国际公法、国际私法、国际经济法）(A030109)",,,否,否,"男性;通过法律职业资格考试;普通高等院校毕业生（非在职）, 本科须为法学专业且获法学学士学位",深圳
深圳市中级人民法院,3020001,审判业务部门二级法官助理,30200012548002 ,从事审判辅助工作,法院法官助理职位,2,研究生,博士,"民商法学（含：劳动法学、社会保障法学）(A030105),经济法学(A030107),国际法学（含：国际公法、国际私法、国际经济法）(A030109)",,,否,否,"女性;通过法律职业资格考试;普通高等院校毕业生（非在职）, 本科须为法学专业且获法学学士学位",深圳
深圳市中级人民法院,3020001,审判业务部门二级法官助理以下,30200012548003 ,从事审判辅助工作,法院法官助理职位,1,研究生,硕士以上,"刑法学(A030104),诉讼法学(A030106)",,,否,2025届高校毕业生,"通过法律职业资格考试;普通高等院校毕业生（非在职）, 本科须为法学专业且获法学学士学位",深圳
深圳市中级人民法院,3020001,审判业务部门二级法官助理以下,30200012548004 ,从事审判辅助工作,法院法官助理职位,1,研究生,硕士以上,"民商法学（含：劳动法学、社会保障法学）(A030105),经济法学(A030107)",,,否,2025届高校毕业生,"通过法律职业资格考试;普通高等院校毕业生（非在职）, 本科须为法学专业且获法学学士学位",深圳
深圳市中级人民法院,3020001,审判业务部门二级法官助理以下,30200012548005 ,从事审判辅助工作,法院法官助理职位,1,研究生,硕士以上,"民商法学（含：劳动法学、社会保障法学）(A030105),国际法学（含：国际公法、国际私法、国际经济法）(A030109)",,,否,应届毕业生,"通过法律职业资格考试;普通高等院校毕业生（非在职）, 本科须为法学专业且获法学学士学位",深圳
深圳市中级人民法院,3020001,办公室二级主任科员以下,30200012549001 ,从事财务审计等工作,法院司法行政职位,1,研究生,硕士以上,"财政学（含∶税收学）(A020203),金融学（含∶保险学）(A020204),审计硕士（专业硕士）(A020218),会计学(A120201),企业管理（含：财务管理、市场营销、人力资源管理）(A120202),会计硕士（专业硕士）(A120206)",,,否,否,企业管理（限：财务管理）（A120202）,深圳
深圳市中级人民法院,3020001,司法警察支队四级警长以下,30200012550001 ,从事押解、值庭、安全保卫等工作,法院司法警察职位,2,本科以上,学士以上,公安学(A0306),"侦查学(B030602),警卫学(B030609),国内安全保卫(B030614),警务指挥与战术(B030615)",,否,否,需开展心理素质测评,深圳
深圳市福田区人民法院,3020002,审判业务部门五级法官助理,30200022548001 ,从事审判辅助工作,法院法官助理职位,3,本科以上,学士以上,"法学理论(A030101),刑法学(A030104),民商法学（含：劳动法学、社会保障法学）(A030105),诉讼法学(A030106),经济法学(A030107),国际法学（含：国际公法、国际私法、国际经济法）(A030109),法律（法学）(A030112)","法学(B030101),知识产权(B030102),国际经贸规则(B030105)",,否,应届毕业生,"男性;通过法律职业资格考试;普通高等院校毕业生（非在职）, 研究生报考者本科须为法学专业且获法学学士学位",深圳
深圳市福田区人民法院,3020002,审判业务部门五级法官助理,30200022548002 ,从事审判辅助工作,法院法官助理职位,3,本科以上,学士以上,"法学理论(A030101),刑法学(A030104),民商法学（含：劳动法学、社会保障法学）(A030105),诉讼法学(A030106),经济法学(A030107),国际法学（含：国际公法、国际私法、国际经济法）(A030109),法律（法学）(A030112)","法学(B030101),知识产权(B030102),国际经贸规则(B030105)",,否,应届毕业生,"女性;通过法律职业资格考试;普通高等院校毕业生（非在职）, 研究生报考者本科须为法学专业且获法学学士学位",深圳
深圳市福田区人民法院,3020002,审判业务部门五级法官助理,30200022548003 ,从事审判辅助工作,法院法官助理职位,1,本科以上,学士以上,"法学理论(A030101),刑法学(A030104),民商法学（含：劳动法学、社会保障法学）(A030105),诉讼法学(A030106),经济法学(A030107),国际法学（含：国际公法、国际私法、国际经济法）(A030109),法律（法学）(A030112)","法学(B030101),知识产权(B030102),国际经贸规则(B030105)",,否,应届毕业生,男性;通过法律职业资格考试;普通高等院校毕业生（非在职）,深圳
深圳市福田区人民法院,3020002,审判业务部门五级法官助理,30200022548004 ,从事审判辅助工作,法院法官助理职位,1,本科以上,学士以上,"法学理论(A030101),刑法学(A030104),民商法学（含：劳动法学、社会保障法学）(A030105),诉讼法学(A030106),经济法学(A030107),国际法学（含：国际公法、国际私法、国际经济法）(A030109),法律（法学）(A030112)","法学(B030101),知识产权(B030102),国际经贸规则(B030105)",,否,应届毕业生,女性;通过法律职业资格考试;普通高等院校毕业生（非在职）,深圳
深圳市福田区人民法院,3020002,审判管理办公室（研究室）一级科员,30200022549001 ,从事司法宣传、综合文字材料撰写等相关工作,法院司法行政职位,1,本科以上,学士以上,"中国现当代文学(A050106),新闻学(A050301),新闻与传播硕士（专业硕士）(A050303)","汉语言文学(B050101),新闻学(B050301),网络与新媒体(B050306)",,否,2025届高校毕业生,,深圳
深圳市罗湖区人民法院,3020003,审判业务部门五级法官助理,30200032548001 ,从事审判辅助工作,法院法官助理职位,2,本科以上,学士以上,法学(A0301),法学类(B0301),,否,应届毕业生,"男性;通过法律职业资格考试;普通高等院校毕业生（非在职）, 研究生报考者本科须为法学专业且获法学学士学位",深圳
深圳市罗湖区人民法院,3020003,审判业务部门五级法官助理,30200032548002 ,从事审判辅助工作,法院法官助理职位,2,本科以上,学士以上,法学(A0301),法学类(B0301),,否,应届毕业生,"女性;通过法律职业资格考试;普通高等院校毕业生（非在职）, 研究生报考者本科须为法学专业且获法学学士学位",深圳
深圳市罗湖区人民法院,3020003,审判业务部门四级法官助理,30200032548003 ,从事审判辅助工作,法院法官助理职位,1,研究生,硕士以上,法学(A0301),,,否,应届毕业生,"男性;通过法律职业资格考试;普通高等院校毕业生（非在职）, 本科须为法学专业且获法学学士学位",深圳
深圳市罗湖区人民法院,3020003,审判业务部门四级法官助理,30200032548004 ,从事审判辅助工作,法院法官助理职位,1,研究生,硕士以上,法学(A0301),,,否,应届毕业生,"女性;通过法律职业资格考试;普通高等院校毕业生（非在职）, 本科须为法学专业且获法学学士学位",深圳
深圳市罗湖区人民法院,3020003,审判业务部门五级法官助理,30200032548005 ,从事审判辅助工作,法院法官助理职位,2,本科以上,学士以上,法学(A0301),法学类(B0301),,否,2025届高校毕业生,"通过法律职业资格考试;普通高等院校毕业生（非在职）, 研究生报考者本科须为法学专业且获法学学士学位",深圳
深圳市罗湖区人民法院,3020003,审判业务部门五级法官助理,30200032548006 ,从事审判辅助工作,法院法官助理职位,1,本科以上,学士以上,法学(A0301),法学类(B0301),,否,2025届高校毕业生,通过法律职业资格考试;普通高等院校毕业生（非在职）,深圳
深圳市罗湖区人民法院,3020003,司法行政部门一级科员,30200032549001 ,从事文字综合、人事党建等工作,法院司法行政职位,1,本科以上,学士以上,"中国语言文学(A0501),新闻学(A050301),行政管理(A120401)","中国语言文学类(B0501),新闻学(B050301),行政管理(B120402)",,否,应届毕业生,男性;中共党员,深圳
深圳市罗湖区人民法院,3020003,司法行政部门一级科员,30200032549002 ,从事文字综合、人事党建等工作,法院司法行政职位,1,本科以上,学士以上,"中国语言文学(A0501),新闻学(A050301),行政管理(A120401)","中国语言文学类(B0501),新闻学(B050301),行政管理(B120402)",,否,应届毕业生,女性;中共党员,深圳
深圳市罗湖区人民法院,3020003,司法警察大队一级警员,30200032550001 ,从事押解、值庭、安全保卫等工作,法院司法警察职位,1,大专以上,不限,不限,不限,不限,否,否,男性;面向“服务基层项目人员和退役大学生士兵”专门职位;录用后需在录用单位工作满5年,深圳
深圳市罗湖区人民法院,3020003,司法警察大队一级警员,30200032550002 ,从事押解、值庭、安全保卫等工作,法院司法警察职位,1,本科以上,学士以上,公安学(A0306),公安学类(B0306),,否,否,女性,深圳
深圳市南山区人民法院,3020004,刑事审判庭五级法官助理,30200042548001 ,从事审判辅助工作,法院法官助理职位,1,本科以上,学士以上,法学(A0301),法学类(B0301),,否,2025届高校毕业生,"男性;通过法律职业资格考试;普通高等院校毕业生（非在职）, 研究生报考者本科须为法学专业且获法学学士学位",深圳
深圳市南山区人民法院,3020004,刑事审判庭五级法官助理,30200042548002 ,从事审判辅助工作,法院法官助理职位,1,本科以上,学士以上,法学(A0301),法学类(B0301),,否,2025届高校毕业生,"女性;通过法律职业资格考试;普通高等院校毕业生（非在职）, 研究生报考者本科须为法学专业且获法学学士学位",深圳
深圳市盐田区人民法院,3020005,审判业务部门五级法官助理,30200052548001 ,从事审判辅助工作,法院法官助理职位,1,本科以上,学士以上,"宪法学与行政法学(A030103),刑法学(A030104),民商法学（含：劳动法学、社会保障法学）(A030105),诉讼法学(A030106),经济法学(A030107),法律（法学）(A030112)","法学(B030101),知识产权(B030102)",,否,应届毕业生,"男性;通过法律职业资格考试;普通高等院校毕业生（非在职）, 研究生报考者本科须为法学专业且获法学学士学位",深圳
深圳市盐田区人民法院,3020005,审判业务部门五级法官助理,30200052548002 ,从事审判辅助工作,法院法官助理职位,1,本科以上,学士以上,"宪法学与行政法学(A030103),刑法学(A030104),民商法学（含：劳动法学、社会保障法学）(A030105),诉讼法学(A030106),经济法学(A030107),法律（法学）(A030112)","法学(B030101),知识产权(B030102)",,否,应届毕业生,"女性;通过法律职业资格考试;普通高等院校毕业生（非在职）, 研究生报考者本科须为法学专业且获法学学士学位",深圳
深圳市盐田区人民法院,3020005,司法警察大队一级警员,30200052550001 ,从事押解、值庭、安全保护等工作,法院司法警察职位,1,本科以上,学士以上,法学(A0301),法学类(B0301),,否,2025届高校毕业生,男性,深圳
深圳市宝安区人民法院,3020006,审判业务部门五级法官助理,30200062548001 ,从事民商事审判辅助工作,法院法官助理职位,2,本科以上,学士以上,法学(A0301),"法学(B030101),知识产权(B030102)",,否,应届毕业生,"男性;通过法律职业资格考试;普通高等院校毕业生（非在职）, 研究生报考者本科须为法学专业且获法学学士学位",深圳
深圳市宝安区人民法院,3020006,审判业务部门五级法官助理,30200062548002 ,从事民商事审判辅助工作,法院法官助理职位,2,本科以上,学士以上,法学(A0301),"法学(B030101),知识产权(B030102)",,否,应届毕业生,"女性;通过法律职业资格考试;普通高等院校毕业生（非在职）, 研究生报考者本科须为法学专业且获法学学士学位",深圳
深圳市宝安区人民法院,3020006,审判业务部门五级法官助理,30200062548003 ,从事民商事审判辅助工作,法院法官助理职位,1,本科以上,学士以上,法学(A0301),"法学(B030101),知识产权(B030102)",,否,否,"男性;通过法律职业资格考试;普通高等院校毕业生（非在职）, 研究生报考者本科须为法学专业且获法学学士学位",深圳
深圳市宝安区人民法院,3020006,审判业务部门五级法官助理,30200062548004 ,从事民商事审判辅助工作,法院法官助理职位,1,本科以上,学士以上,法学(A0301),"法学(B030101),知识产权(B030102)",,否,否,"女性;通过法律职业资格考试;普通高等院校毕业生（非在职）, 研究生报考者本科须为法学专业且获法学学士学位",深圳
深圳市宝安区人民法院,3020006,审判业务部门五级法官助理,30200062548005 ,从事民商事审判辅助工作,法院法官助理职位,1,本科以上,学士以上,法学(A0301),"法学(B030101),知识产权(B030102)",,否,应届毕业生,通过法律职业资格考试;普通高等院校毕业生（非在职）,深圳
深圳市宝安区人民法院,3020006,司法行政部门一级科员,30200062549001 ,从事党务、行政事务、人事管理、综合调研等工作,法院司法行政职位,1,本科以上,学士以上,"政治学(A0302),马克思主义理论(A0305),中国语言文学(A0501),新闻学(A050301),行政管理(A120401)","政治学类(B0302),马克思主义理论类(B0305),中国语言文学类(B0501),新闻学(B050301),行政管理(B120402)",,否,应届毕业生,男性;中共党员,深圳
深圳市宝安区人民法院,3020006,司法行政部门一级科员,30200062549002 ,从事党务、行政事务、人事管理、综合调研等工作,法院司法行政职位,1,本科以上,学士以上,"政治学(A0302),马克思主义理论(A0305),中国语言文学(A0501),新闻学(A050301),行政管理(A120401)","政治学类(B0302),马克思主义理论类(B0305),中国语言文学类(B0501),新闻学(B050301),行政管理(B120402)",,否,应届毕业生,女性;中共党员,深圳
深圳市宝安区人民法院,3020006,司法警察大队一级警员,30200062550001 ,从事押解、值庭、安全保卫等工作,法院司法警察职位,2,本科以上,学士以上,"法学(A0301),公安学(A0306)","法学类(B0301),公安学类(B0306)",,否,否,男性,深圳
深圳市龙岗区人民法院,3020007,审判执行部门五级法官助理,30200072548001 ,从事审判、执行辅助工作,法院法官助理职位,3,本科以上,学士以上,法学(A0301),"法学(B030101),知识产权(B030102)",,否,2025届高校毕业生,"男性;通过法律职业资格考试;普通高等院校毕业生（非在职）, 研究生报考者本科须为法学专业且获法学学士学位",深圳
深圳市龙岗区人民法院,3020007,审判执行部门五级法官助理,30200072548002 ,从事审判、执行辅助工作,法院法官助理职位,3,本科以上,学士以上,法学(A0301),"法学(B030101),知识产权(B030102)",,否,2025届高校毕业生,"女性;通过法律职业资格考试;普通高等院校毕业生（非在职）, 研究生报考者本科须为法学专业且获法学学士学位",深圳
深圳市龙岗区人民法院,3020007,审判执行部门五级法官助理,30200072548003 ,从事审判、执行辅助工作,法院法官助理职位,2,本科以上,学士以上,法学(A0301),"法学(B030101),知识产权(B030102)",,否,否,"男性;通过法律职业资格考试;普通高等院校毕业生（非在职）, 研究生报考者本科须为法学专业且获法学学士学位",深圳
深圳市龙岗区人民法院,3020007,审判执行部门五级法官助理,30200072548004 ,从事审判、执行辅助工作,法院法官助理职位,2,本科以上,学士以上,法学(A0301),"法学(B030101),知识产权(B030102)",,否,否,"女性;通过法律职业资格考试;普通高等院校毕业生（非在职）, 研究生报考者本科须为法学专业且获法学学士学位",深圳
深圳市龙岗区人民法院,3020007,审判执行部门五级法官助理,30200072548005 ,从事审判、执行辅助工作,法院法官助理职位,1,本科以上,学士以上,法学(A0301),"法学(B030101),知识产权(B030102)",,否,2025届高校毕业生,男性;通过法律职业资格考试;普通高等院校毕业生（非在职）,深圳
深圳市龙岗区人民法院,3020007,审判执行部门五级法官助理,30200072548006 ,从事审判、执行辅助工作,法院法官助理职位,1,本科以上,学士以上,法学(A0301),"法学(B030101),知识产权(B030102)",,否,2025届高校毕业生,女性;通过法律职业资格考试;普通高等院校毕业生（非在职）,深圳
深圳市龙岗区人民法院,3020007,综合办公室一级科员,30200072549001 ,从事财务管理工作,法院司法行政职位,1,本科以上,学士以上,"财政学（含∶税收学）(A020203),审计硕士（专业硕士）(A020218),会计学(A120201),企业管理（含：财务管理、市场营销、人力资源管理）(A120202),会计硕士（专业硕士）(A120206)","财政学(B020201),会计学(B120203),财务管理(B120204),审计学(B120207)",,否,否,男性;企业管理（限：财务管理）（A120202）,深圳
深圳市龙岗区人民法院,3020007,综合办公室一级科员,30200072549002 ,从事财务管理工作,法院司法行政职位,1,本科以上,学士以上,"财政学（含∶税收学）(A020203),审计硕士（专业硕士）(A020218),会计学(A120201),企业管理（含：财务管理、市场营销、人力资源管理）(A120202),会计硕士（专业硕士）(A120206)","财政学(B020201),会计学(B120203),财务管理(B120204),审计学(B120207)",,否,否,女性;企业管理（限：财务管理）（A120202）,深圳
深圳市龙岗区人民法院,3020007,司法警察大队一级警员,30200072550001 ,从事押解、值庭、安全保卫等工作,法院司法警察职位,1,本科以上,学士以上,公安学(A0306),"司法警察学(B030106),公安学类(B0306)",,否,否,男性,深圳
深圳市龙华区人民法院,3020009,民商事审判部门五级法官助理,30200092548001 ,从事民商事审判辅助工作,法院法官助理职位,1,本科以上,学士以上,法学(A0301),"法学(B030101),知识产权(B030102)",,否,2025届高校毕业生,"男性;通过法律职业资格考试;普通高等院校毕业生（非在职）, 研究生报考者本科须为法学专业且获法学学士学位",深圳
深圳市龙华区人民法院,3020009,民商事审判部门五级法官助理,30200092548002 ,从事民商事审判辅助工作,法院法官助理职位,1,本科以上,学士以上,法学(A0301),"法学(B030101),知识产权(B030102)",,否,2025届高校毕业生,"女性;通过法律职业资格考试;普通高等院校毕业生（非在职）, 研究生报考者本科须为法学专业且获法学学士学位",深圳
深圳市龙华区人民法院,3020009,司法警察大队一级警员,30200092550001 ,从事押解、值庭、安全保卫等工作,法院司法警察职位,1,本科以上,学士以上,"法学(A0301),公安学(A0306)","法学类(B0301),公安学类(B0306)",,否,否,男性,深圳
深圳市坪山区人民法院,3020010,审判业务部门五级法官助理,30200102548001 ,从事审判辅助工作,法院法官助理职位,1,本科以上,学士以上,法学(A0301),法学类(B0301),,否,应届毕业生,"通过法律职业资格考试;普通高等院校毕业生（非在职）, 研究生报考者本科须为法学专业且获法学学士学位",深圳
深圳市坪山区人民法院,3020010,审判业务部门五级法官助理,30200102548002 ,从事审判辅助工作,法院法官助理职位,1,本科以上,学士以上,法学(A0301),法学类(B0301),,否,否,"通过法律职业资格考试;普通高等院校毕业生（非在职）, 研究生报考者本科须为法学专业且获法学学士学位",深圳
深圳市光明区人民法院,3020011,审判业务部门五级法官助理,30200112548001 ,从事审判辅助工作,法院法官助理职位,1,本科以上,学士以上,法学(A0301),法学类(B0301),,否,应届毕业生,"男性;通过法律职业资格考试;普通高等院校毕业生（非在职）, 研究生报考者本科须为法学专业且获法学学士学位",深圳
深圳市光明区人民法院,3020011,审判业务部门五级法官助理,30200112548002 ,从事审判辅助工作,法院法官助理职位,1,本科以上,学士以上,法学(A0301),法学类(B0301),,否,应届毕业生,"女性;通过法律职业资格考试;普通高等院校毕业生（非在职）, 研究生报考者本科须为法学专业且获法学学士学位",深圳
深圳市光明区人民法院,3020011,综合办公室（司法警察大队）一级警员,30200112550001 ,从事押解、值庭、安全保卫等工作,法院司法警察职位,1,本科以上,学士以上,法学(A0301),法学类(B0301),,否,应届毕业生,男性,深圳
珠海市中级人民法院,3030001,民事审判庭五级法官助理,30300012548001 ,从事审判辅助工作,法院法官助理职位,1,研究生,硕士以上,"民商法学（含：劳动法学、社会保障法学）(A030105),经济法学(A030107),国际法学（含：国际公法、国际私法、国际经济法）(A030109)",,,否,2025届高校毕业生,"通过法律职业资格考试;普通高等院校毕业生（非在职）, 本科须为法学专业且获法学学士学位",珠海
珠海市中级人民法院,3030001,司法警察支队一级警员,30300012550001 ,从事司法警务工作,法院司法警察职位,2,本科以上,学士以上,公安学(A0306),公安学类(B0306),,否,否,男性;需开展心理素质测评,珠海
珠海市香洲区人民法院,3030002,民事审判庭五级法官助理,30300022548001 ,从事审判辅助工作,法院法官助理职位,3,研究生,硕士以上,"民商法学（含：劳动法学、社会保障法学）(A030105),诉讼法学(A030106),经济法学(A030107)",,,否,2025届高校毕业生,"男性;通过法律职业资格考试;普通高等院校毕业生（非在职）, 本科须为法学专业且获法学学士学位",珠海
珠海市香洲区人民法院,3030002,民事审判庭五级法官助理,30300022548002 ,从事审判辅助工作,法院法官助理职位,3,研究生,硕士以上,"民商法学（含：劳动法学、社会保障法学）(A030105),诉讼法学(A030106),经济法学(A030107)",,,否,2025届高校毕业生,"女性;通过法律职业资格考试;普通高等院校毕业生（非在职）, 本科须为法学专业且获法学学士学位",珠海
珠海市香洲区人民法院,3030002,综合办公室一级科员,30300022549001 ,从事财务会计、审计工作,法院司法行政职位,1,本科以上,学士以上,"审计硕士（专业硕士）(A020218),会计学(A120201),会计硕士（专业硕士）(A120206)","会计学(B120203),财务管理(B120204),审计学(B120207)",,否,2025届高校毕业生,,珠海
珠海市香洲区人民法院,3030002,司法警察一级警员,30300022550001 ,从事押解、处置突发事件等司法警务工作,法院司法警察职位,1,本科以上,学士以上,公安学(A0306),公安学类(B0306),,否,否,男性;需开展心理素质测评,珠海
珠海市金湾区人民法院,3030003,审判庭五级法官助理,30300032548001 ,从事审判辅助工作,法院法官助理职位,1,研究生,硕士以上,"民商法学（含：劳动法学、社会保障法学）(A030105),诉讼法学(A030106),经济法学(A030107)",,,否,2025届高校毕业生,"男性;通过法律职业资格考试;普通高等院校毕业生（非在职）, 本科须为法学专业且获法学学士学位",珠海
珠海市金湾区人民法院,3030003,审判庭五级法官助理,30300032548002 ,从事审判辅助工作,法院法官助理职位,1,研究生,硕士以上,"民商法学（含：劳动法学、社会保障法学）(A030105),诉讼法学(A030106),经济法学(A030107)",,,否,2025届高校毕业生,"女性;通过法律职业资格考试;普通高等院校毕业生（非在职）, 本科须为法学专业且获法学学士学位",珠海
珠海市金湾区人民法院,3030003,审判庭五级法官助理,30300032548003 ,从事审判辅助工作,法院法官助理职位,1,研究生,硕士以上,"民商法学（含：劳动法学、社会保障法学）(A030105),诉讼法学(A030106),经济法学(A030107)",,,否,应届毕业生,"通过法律职业资格考试;普通高等院校毕业生（非在职）, 本科须为法学专业且获法学学士学位",珠海
珠海市金湾区人民法院,3030003,综合办公室（司法警察大队）一级科员,30300032549001 ,从事财务相关工作,法院司法行政职位,1,本科以上,学士以上,"会计学(A120201),会计硕士（专业硕士）(A120206)","会计学(B120203),财务管理(B120204)",,否,2025届高校毕业生,,珠海
珠海市斗门区人民法院,3030004,审判庭五级法官助理,30300042548001 ,从事审判辅助工作,法院法官助理职位,1,研究生,硕士以上,法学(A0301),,,否,2025届高校毕业生,"男性;通过法律职业资格考试;普通高等院校毕业生（非在职）, 本科须为法学专业且获法学学士学位",珠海
珠海市斗门区人民法院,3030004,审判庭五级法官助理,30300042548002 ,从事审判辅助工作,法院法官助理职位,1,研究生,硕士以上,法学(A0301),,,否,2025届高校毕业生,"女性;通过法律职业资格考试;普通高等院校毕业生（非在职）, 本科须为法学专业且获法学学士学位",珠海
珠海市斗门区人民法院,3030004,审判庭五级法官助理,30300042548003 ,从事审判辅助工作,法院法官助理职位,1,研究生,硕士以上,法学(A0301),,,否,应届毕业生,"男性;通过法律职业资格考试;普通高等院校毕业生（非在职）, 本科须为法学专业且获法学学士学位",珠海
珠海市斗门区人民法院,3030004,审判庭五级法官助理,30300042548004 ,从事审判辅助工作,法院法官助理职位,1,研究生,硕士以上,法学(A0301),,,否,应届毕业生,"女性;通过法律职业资格考试;普通高等院校毕业生（非在职）, 本科须为法学专业且获法学学士学位",珠海
珠海市斗门区人民法院,3030004,司法警察大队一级警员,30300042550001 ,从事司法警务工作,法院司法警察职位,1,本科以上,学士以上,公安学(A0306),公安学类(B0306),,否,否,男性;需开展心理素质测评,珠海
汕头市中级人民法院,3040001,审判业务庭五级法官助理,30400012548001 ,从事审判辅助工作,法院法官助理职位,3,研究生,硕士以上,法学(A0301),,,否,应届毕业生,"男性;通过法律职业资格考试;普通高等院校毕业生（非在职）, 本科须为法学专业且获法学学士学位",汕头
汕头市中级人民法院,3040001,审判业务庭五级法官助理,30400012548002 ,从事审判辅助工作,法院法官助理职位,3,研究生,硕士以上,法学(A0301),,,否,应届毕业生,"女性;通过法律职业资格考试;普通高等院校毕业生（非在职）, 本科须为法学专业且获法学学士学位",汕头
汕头市中级人民法院,3040001,司法行政部门一级科员,30400012549001 ,从事党建、组织人事、纪检监察、档案管理等工作,法院司法行政职位,1,本科以上,学士以上,"法学(A0301),思想政治教育(A030505),语言学及应用语言学(A050102),汉语言文字学(A050103),计算机科学与技术(A0812),软件工程(A0835),计算机技术硕士（专业硕士）(A084004),软件工程硕士（专业硕士）(A084005),企业管理（含：财务管理、市场营销、人力资源管理）(A120202)","法学(B030101),思想政治教育(B030503),汉语言文学(B050101),信息与计算科学(B070102),电子信息工程(B080701),电子科学与技术(B080702),计算机科学与技术(B080901),软件工程(B080902),网络工程(B080903),电子与计算机工程(B080909),信息管理与信息系统(B120102),人力资源管理(B120206)",,否,应届毕业生,男性;中共党员,汕头
汕头市中级人民法院,3040001,司法行政部门一级科员,30400012549002 ,从事党建、组织人事、纪检监察、档案管理等工作,法院司法行政职位,1,本科以上,学士以上,"法学(A0301),思想政治教育(A030505),语言学及应用语言学(A050102),汉语言文字学(A050103),计算机科学与技术(A0812),软件工程(A0835),计算机技术硕士（专业硕士）(A084004),软件工程硕士（专业硕士）(A084005),企业管理（含：财务管理、市场营销、人力资源管理）(A120202)","法学(B030101),思想政治教育(B030503),汉语言文学(B050101),信息与计算科学(B070102),电子信息工程(B080701),电子科学与技术(B080702),计算机科学与技术(B080901),软件工程(B080902),网络工程(B080903),电子与计算机工程(B080909),信息管理与信息系统(B120102),人力资源管理(B120206)",,否,应届毕业生,女性;中共党员,汕头
汕头市中级人民法院,3040001,司法警察支队二级警长以下,30400012550001 ,从事押解、值庭、安全保卫等工作,法院司法警察职位,1,本科以上,学士以上,法学(A0301),"法学(B030101),司法警察学(B030106)",,否,2025届高校毕业生,男性,汕头
汕头市中级人民法院,3040001,司法警察支队二级警长以下,30400012550002 ,从事押解、值庭、安全保卫等工作,法院司法警察职位,1,本科以上,学士以上,法学(A0301),"法学(B030101),司法警察学(B030106)",,否,2025届高校毕业生,女性,汕头
汕头市金平区人民法院,3040002,审判业务庭五级法官助理,30400022548001 ,从事审判辅助工作,法院法官助理职位,3,本科以上,学士以上,"宪法学与行政法学(A030103),刑法学(A030104),民商法学（含：劳动法学、社会保障法学）(A030105),诉讼法学(A030106),经济法学(A030107),国际法学（含：国际公法、国际私法、国际经济法）(A030109),法律（非法学）(A030111),法律（法学）(A030112)","法学(B030101),知识产权(B030102)",,否,否,男性;通过法律职业资格考试;普通高等院校毕业生（非在职）,汕头
汕头市金平区人民法院,3040002,审判业务庭五级法官助理,30400022548002 ,从事审判辅助工作,法院法官助理职位,3,本科以上,学士以上,"宪法学与行政法学(A030103),刑法学(A030104),民商法学（含：劳动法学、社会保障法学）(A030105),诉讼法学(A030106),经济法学(A030107),国际法学（含：国际公法、国际私法、国际经济法）(A030109),法律（非法学）(A030111),法律（法学）(A030112)","法学(B030101),知识产权(B030102)",,否,否,女性;通过法律职业资格考试;普通高等院校毕业生（非在职）,汕头
汕头市金平区人民法院,3040002,审判业务庭五级法官助理,30400022548003 ,从事审判辅助工作,法院法官助理职位,2,本科以上,学士以上,"宪法学与行政法学(A030103),刑法学(A030104),民商法学（含：劳动法学、社会保障法学）(A030105),诉讼法学(A030106),经济法学(A030107),国际法学（含：国际公法、国际私法、国际经济法）(A030109),法律（非法学）(A030111),法律（法学）(A030112)","法学(B030101),知识产权(B030102)",,否,应届毕业生,男性;通过法律职业资格考试;普通高等院校毕业生（非在职）,汕头
汕头市金平区人民法院,3040002,审判业务庭五级法官助理,30400022548004 ,从事审判辅助工作,法院法官助理职位,2,本科以上,学士以上,"宪法学与行政法学(A030103),刑法学(A030104),民商法学（含：劳动法学、社会保障法学）(A030105),诉讼法学(A030106),经济法学(A030107),国际法学（含：国际公法、国际私法、国际经济法）(A030109),法律（非法学）(A030111),法律（法学）(A030112)","法学(B030101),知识产权(B030102)",,否,应届毕业生,女性;通过法律职业资格考试;普通高等院校毕业生（非在职）,汕头
汕头市龙湖区人民法院,3040003,审判业务庭五级法官助理,30400032548001 ,从事审判辅助工作,法院法官助理职位,2,本科以上,学士以上,法学(A0301),法学类(B0301),,否,应届毕业生,男性;通过法律职业资格考试;普通高等院校毕业生（非在职）,汕头
汕头市龙湖区人民法院,3040003,审判业务庭五级法官助理,30400032548002 ,从事审判辅助工作,法院法官助理职位,2,本科以上,学士以上,法学(A0301),法学类(B0301),,否,应届毕业生,女性;通过法律职业资格考试;普通高等院校毕业生（非在职）,汕头
汕头市濠江区人民法院,3040004,审判执行部门五级法官助理,30400042548001 ,从事审判、执行辅助性工作,法院法官助理职位,2,本科以上,学士以上,"刑法学(A030104),民商法学（含：劳动法学、社会保障法学）(A030105),诉讼法学(A030106),经济法学(A030107),法律（非法学）(A030111),法律（法学）(A030112)","法学(B030101),知识产权(B030102)",,否,应届毕业生,男性;通过法律职业资格考试;普通高等院校毕业生（非在职）,汕头
汕头市濠江区人民法院,3040004,审判执行部门五级法官助理,30400042548002 ,从事审判、执行辅助性工作,法院法官助理职位,2,本科以上,学士以上,"刑法学(A030104),民商法学（含：劳动法学、社会保障法学）(A030105),诉讼法学(A030106),经济法学(A030107),法律（非法学）(A030111),法律（法学）(A030112)","法学(B030101),知识产权(B030102)",,否,应届毕业生,女性;通过法律职业资格考试;普通高等院校毕业生（非在职）,汕头
汕头市澄海区人民法院,3040005,人民法庭五级法官助理,30400052548001 ,从事审判辅助工作,法院法官助理职位,2,本科以上,学士以上,"民商法学（含：劳动法学、社会保障法学）(A030105),法律（非法学）(A030111),法律（法学）(A030112)","法学(B030101),知识产权(B030102)",,否,否,男性;通过法律职业资格考试;普通高等院校毕业生（非在职）,汕头
汕头市澄海区人民法院,3040005,人民法庭五级法官助理,30400052548002 ,从事审判辅助工作,法院法官助理职位,2,本科以上,学士以上,"民商法学（含：劳动法学、社会保障法学）(A030105),法律（非法学）(A030111),法律（法学）(A030112)","法学(B030101),知识产权(B030102)",,否,否,女性;通过法律职业资格考试;普通高等院校毕业生（非在职）,汕头
汕头市澄海区人民法院,3040005,审判管理办公室（研究室）一级科员,30400052549001 ,从事审判综合、材料写作等工作,法院司法行政职位,1,本科以上,学士以上,"法学(A0301),中国语言文学(A0501)","法学类(B0301),中国语言文学类(B0501)",,否,应届毕业生,,汕头
汕头市潮阳区人民法院,3040006,人民法庭五级法官助理,30400062548001 ,从事审判辅助工作,法院法官助理职位,3,本科以上,学士以上,"刑法学(A030104),民商法学（含：劳动法学、社会保障法学）(A030105),诉讼法学(A030106),经济法学(A030107),环境与资源保护法学(A030108),法律（法学）(A030112)","法学(B030101),知识产权(B030102)",,否,应届毕业生,男性;通过法律职业资格考试;普通高等院校毕业生（非在职）,汕头
汕头市潮阳区人民法院,3040006,人民法庭五级法官助理,30400062548002 ,从事审判辅助工作,法院法官助理职位,3,本科以上,学士以上,"刑法学(A030104),民商法学（含：劳动法学、社会保障法学）(A030105),诉讼法学(A030106),经济法学(A030107),环境与资源保护法学(A030108),法律（法学）(A030112)","法学(B030101),知识产权(B030102)",,否,应届毕业生,女性;通过法律职业资格考试;普通高等院校毕业生（非在职）,汕头
汕头市潮阳区人民法院,3040006,综合办公室一级科员,30400062549001 ,从事财务会计工作,法院司法行政职位,1,本科以上,学士以上,"会计学(A120201),会计硕士（专业硕士）(A120206)","会计学(B120203),财务管理(B120204),审计学(B120207)",,否,否,,汕头
汕头市潮阳区人民法院,3040006,司法警察大队一级警员,30400062550001 ,从事押犯、法庭安全保卫工作,法院司法警察职位,2,本科以上,学士以上,"法学(A0301),公安学(A0306)","法学类(B0301),公安学类(B0306)",,否,否,男性,汕头
汕头市潮阳区人民法院,3040006,司法警察大队一级警员,30400062550002 ,从事押犯、法庭安全保卫工作,法院司法警察职位,1,本科以上,学士以上,"法学(A0301),公安学(A0306)","法学类(B0301),公安学类(B0306)",,否,否,女性,汕头
汕头市潮南区人民法院,3040007,审判执行部门五级法官助理,30400072548001 ,从事审判辅助工作,法院法官助理职位,1,本科以上,学士以上,"法学理论(A030101),法律史(A030102),宪法学与行政法学(A030103),刑法学(A030104),民商法学（含：劳动法学、社会保障法学）(A030105),诉讼法学(A030106),经济法学(A030107),环境与资源保护法学(A030108),国际法学（含：国际公法、国际私法、国际经济法）(A030109),法律（非法学）(A030111),法律（法学）(A030112)","法学(B030101),知识产权(B030102)",,否,应届毕业生,男性;通过法律职业资格考试;普通高等院校毕业生（非在职）,汕头
汕头市潮南区人民法院,3040007,审判执行部门五级法官助理,30400072548002 ,从事审判辅助工作,法院法官助理职位,1,本科以上,学士以上,"法学理论(A030101),法律史(A030102),宪法学与行政法学(A030103),刑法学(A030104),民商法学（含：劳动法学、社会保障法学）(A030105),诉讼法学(A030106),经济法学(A030107),环境与资源保护法学(A030108),国际法学（含：国际公法、国际私法、国际经济法）(A030109),法律（非法学）(A030111),法律（法学）(A030112)","法学(B030101),知识产权(B030102)",,否,应届毕业生,女性;通过法律职业资格考试;普通高等院校毕业生（非在职）,汕头
汕头市潮南区人民法院,3040007,司法行政部门一级科员,30400072549001 ,从事党建、组织人事、纪检监察、档案管理等工作,法院司法行政职位,1,本科以上,学士以上,"政治学理论(A030201),中共党史（含：党的学说与党的建设）(A030204),马克思主义理论(A0305),计算机科学与技术(A0812),会计学(A120201),会计硕士（专业硕士）(A120206)","政治学与行政学(B030201),政治学、经济学与哲学(B030205),马克思主义理论类(B0305),计算机类(B0809),会计学(B120203),财务管理(B120204),审计学(B120207)",,否,应届毕业生,中共党员,汕头
南澳县人民法院,3040008,审判执行部门五级法官助理,30400082548001 ,从事审判、执行辅助性工作,法院法官助理职位,1,本科以上,学士以上,法学(A0301),法学类(B0301),,否,否,通过法律职业资格考试;普通高等院校毕业生（非在职）,汕头
南澳县人民法院,3040008,审判执行部门五级法官助理,30400082548002 ,从事审判、执行辅助性工作,法院法官助理职位,1,本科以上,学士以上,"刑法学(A030104),民商法学（含：劳动法学、社会保障法学）(A030105),法律（非法学）(A030111),法律（法学）(A030112)","法学(B030101),知识产权(B030102)",,否,应届毕业生,男性;通过法律职业资格考试;普通高等院校毕业生（非在职）,汕头
南澳县人民法院,3040008,审判执行部门五级法官助理,30400082548003 ,从事审判、执行辅助性工作,法院法官助理职位,1,本科以上,学士以上,"刑法学(A030104),民商法学（含：劳动法学、社会保障法学）(A030105),法律（非法学）(A030111),法律（法学）(A030112)","法学(B030101),知识产权(B030102)",,否,应届毕业生,女性;通过法律职业资格考试;普通高等院校毕业生（非在职）,汕头
佛山市中级人民法院,3050001,审判执行业务部门五级法官助理,30500012548001 ,从事审判执行辅助工作,法院法官助理职位,3,研究生,硕士以上,"宪法学与行政法学(A030103),刑法学(A030104),民商法学（含：劳动法学、社会保障法学）(A030105),诉讼法学(A030106),经济法学(A030107),国际法学（含：国际公法、国际私法、国际经济法）(A030109)",,,否,2025届高校毕业生,"男性;通过法律职业资格考试;普通高等院校毕业生（非在职）, 本科须为法学专业且获法学学士学位",佛山
佛山市中级人民法院,3050001,审判执行业务部门五级法官助理,30500012548002 ,从事审判执行辅助工作,法院法官助理职位,3,研究生,硕士以上,"宪法学与行政法学(A030103),刑法学(A030104),民商法学（含：劳动法学、社会保障法学）(A030105),诉讼法学(A030106),经济法学(A030107),国际法学（含：国际公法、国际私法、国际经济法）(A030109)",,,否,2025届高校毕业生,"女性;通过法律职业资格考试;普通高等院校毕业生（非在职）, 本科须为法学专业且获法学学士学位",佛山
佛山市中级人民法院,3050001,审判执行业务部门五级法官助理,30500012548003 ,从事审判执行辅助工作,法院法官助理职位,1,研究生,硕士以上,"宪法学与行政法学(A030103),刑法学(A030104),民商法学（含：劳动法学、社会保障法学）(A030105),诉讼法学(A030106),经济法学(A030107),国际法学（含：国际公法、国际私法、国际经济法）(A030109)",,,否,应届毕业生,"通过法律职业资格考试;普通高等院校毕业生（非在职）, 本科须为法学专业且获法学学士学位",佛山
佛山市禅城区人民法院,3050002,审判管理办公室（研究室）五级法官助理,30500022548001 ,从事综合材料写作、审判管理等工作,法院法官助理职位,1,研究生,硕士以上,法学(A0301),,,否,2025届高校毕业生,"男性;通过法律职业资格考试;普通高等院校毕业生（非在职）, 本科须为法学专业且获法学学士学位",佛山
佛山市禅城区人民法院,3050002,审判管理办公室（研究室）五级法官助理,30500022548002 ,从事综合材料写作、审判管理等工作,法院法官助理职位,1,研究生,硕士以上,法学(A0301),,,否,2025届高校毕业生,"女性;通过法律职业资格考试;普通高等院校毕业生（非在职）, 本科须为法学专业且获法学学士学位",佛山
佛山市禅城区人民法院,3050002,综合行政部门一级科员,30500022549001 ,从事党务、人事、保密、司法行政后勤等工作,法院司法行政职位,1,本科以上,学士以上,审计硕士（专业硕士）(A020218),"财政学类(B0202),审计学(B120207)",,否,2025届高校毕业生,男性;中共党员,佛山
佛山市禅城区人民法院,3050002,综合行政部门一级科员,30500022549002 ,从事党务、人事、保密、司法行政后勤等工作,法院司法行政职位,1,本科以上,学士以上,审计硕士（专业硕士）(A020218),"财政学类(B0202),审计学(B120207)",,否,2025届高校毕业生,女性;中共党员,佛山
佛山市南海区人民法院,3050003,审判执行业务部门五级法官助理,30500032548001 ,从事审判执行辅助工作,法院法官助理职位,1,研究生,硕士以上,法学(A0301),,,否,2025届高校毕业生,"通过法律职业资格考试;普通高等院校毕业生（非在职）, 本科须为法学专业且获法学学士学位",佛山
佛山市南海区人民法院,3050003,审判执行业务部门五级法官助理,30500032548002 ,从事审判执行辅助工作,法院法官助理职位,3,研究生,硕士以上,法学(A0301),,,否,2025届高校毕业生,"男性;通过法律职业资格考试;普通高等院校毕业生（非在职）, 本科须为法学专业且获法学学士学位",佛山
佛山市南海区人民法院,3050003,审判执行业务部门五级法官助理,30500032548003 ,从事审判执行辅助工作,法院法官助理职位,3,研究生,硕士以上,法学(A0301),,,否,2025届高校毕业生,"女性;通过法律职业资格考试;普通高等院校毕业生（非在职）, 本科须为法学专业且获法学学士学位",佛山
佛山市顺德区人民法院,3050004,审判执行业务部门五级法官助理,30500042548001 ,从事审判执行辅助工作,法院法官助理职位,5,研究生,硕士以上,法学(A0301),,,否,2025届高校毕业生,"男性;通过法律职业资格考试;普通高等院校毕业生（非在职）, 本科须为法学专业且获法学学士学位",佛山
佛山市顺德区人民法院,3050004,审判执行业务部门五级法官助理,30500042548002 ,从事审判执行辅助工作,法院法官助理职位,5,研究生,硕士以上,法学(A0301),,,否,2025届高校毕业生,"女性;通过法律职业资格考试;普通高等院校毕业生（非在职）, 本科须为法学专业且获法学学士学位",佛山
佛山市顺德区人民法院,3050004,综合办公室一级科员,30500042549001 ,从事档案管理工作,法院司法行政职位,1,研究生,硕士以上,"图书馆学(A120501),档案学(A120503)",,,否,2025届高校毕业生,,佛山
佛山市顺德区人民法院,3050004,司法警察大队一级警员,30500042550001 ,从事押解、看管、值庭、审判秩序维护等警务勤务工作,法院司法警察职位,2,本科以上,学士以上,法学(A0301),法学类(B0301),,否,2025届高校毕业生,男性;需开展心理素质测评,佛山
佛山市顺德区人民法院,3050004,司法警察大队一级警员,30500042550002 ,从事押解、看管、值庭、审判秩序维护等警务勤务工作,法院司法警察职位,3,本科以上,学士以上,公安学(A0306),公安学类(B0306),,否,否,男性;需开展心理素质测评,佛山
佛山市高明区人民法院,3050005,审判执行业务部门五级法官助理,30500052548001 ,从事审判辅助工作,法院法官助理职位,2,研究生,硕士以上,"刑法学(A030104),民商法学（含：劳动法学、社会保障法学）(A030105),诉讼法学(A030106),法律（法学）(A030112)",,,否,应届毕业生,"男性;通过法律职业资格考试;普通高等院校毕业生（非在职）, 本科须为法学专业且获法学学士学位",佛山
佛山市高明区人民法院,3050005,审判执行业务部门五级法官助理,30500052548002 ,从事审判辅助工作,法院法官助理职位,2,研究生,硕士以上,"刑法学(A030104),民商法学（含：劳动法学、社会保障法学）(A030105),诉讼法学(A030106),法律（法学）(A030112)",,,否,应届毕业生,"女性;通过法律职业资格考试;普通高等院校毕业生（非在职）, 本科须为法学专业且获法学学士学位",佛山
佛山市高明区人民法院,3050005,审判执行业务部门五级法官助理,30500052548003 ,从事审判辅助工作,法院法官助理职位,1,研究生,硕士以上,"刑法学(A030104),民商法学（含：劳动法学、社会保障法学）(A030105),诉讼法学(A030106),法律（法学）(A030112)",,,否,应届毕业生,"通过法律职业资格考试;普通高等院校毕业生（非在职）, 本科须为法学专业且获法学学士学位",佛山
佛山市三水区人民法院,3050006,审判执行业务部门五级法官助理,30500062548001 ,从事审判执行辅助工作,法院法官助理职位,1,研究生,硕士以上,"法学理论(A030101),刑法学(A030104),民商法学（含：劳动法学、社会保障法学）(A030105),诉讼法学(A030106),经济法学(A030107),环境与资源保护法学(A030108),国际法学（含：国际公法、国际私法、国际经济法）(A030109)",,,否,否,"男性;通过法律职业资格考试;普通高等院校毕业生（非在职）, 本科须为法学专业且获法学学士学位",佛山
佛山市三水区人民法院,3050006,审判执行业务部门五级法官助理,30500062548002 ,从事审判执行辅助工作,法院法官助理职位,1,研究生,硕士以上,"法学理论(A030101),刑法学(A030104),民商法学（含：劳动法学、社会保障法学）(A030105),诉讼法学(A030106),经济法学(A030107),环境与资源保护法学(A030108),国际法学（含：国际公法、国际私法、国际经济法）(A030109)",,,否,否,"女性;通过法律职业资格考试;普通高等院校毕业生（非在职）, 本科须为法学专业且获法学学士学位",佛山
韶关市中级人民法院,3060001,司法行政部门二级主任科员以下,30600012549001 ,从事行政管理、文稿撰写、信息化等工作,法院司法行政职位,1,本科以上,学士以上,法学(A0301),"法学(B030101),汉语言文学(B050101),计算机类(B0809)",,否,否,,韶关
韶关市中级人民法院,3060001,司法警察支队二级警长以下,30600012550001 ,从事押解、法庭安全保卫等工作,法院司法警察职位,1,本科以上,学士以上,"法学(A0301),公安学(A0306)","法学类(B0301),公安学类(B0306)",,否,否,男性,韶关
乐昌市人民法院,3060002,审判执行业务部门二级法官助理以下,30600022548001 ,从事审判执行辅助工作,法院法官助理职位,1,本科以上,学士以上,06法律类,06法律类,,否,否,男性;通过法律职业资格考试;普通高等院校毕业生（非在职）,韶关
乐昌市人民法院,3060002,审判执行业务部门二级法官助理以下,30600022548002 ,从事审判执行辅助工作,法院法官助理职位,1,本科以上,学士以上,06法律类,06法律类,,否,否,女性;通过法律职业资格考试;普通高等院校毕业生（非在职）,韶关
南雄市人民法院,3060003,审判业务庭二级法官助理以下,30600032548001 ,从事审判辅助工作,法院法官助理职位,2,本科以上,学士以上,06法律类,06法律类,,否,否,男性;通过法律职业资格考试，未通过的录用后需在录用单位工作满5年;普通高等院校毕业生（非在职）,韶关
南雄市人民法院,3060003,审判业务庭二级法官助理以下,30600032548002 ,从事审判辅助工作,法院法官助理职位,2,本科以上,学士以上,06法律类,06法律类,,否,否,女性;通过法律职业资格考试，未通过的录用后需在录用单位工作满5年;普通高等院校毕业生（非在职）,韶关
南雄市人民法院,3060003,审判业务庭二级法官助理以下,30600032548003 ,从事审判辅助工作,法院法官助理职位,1,本科以上,学士以上,06法律类,06法律类,,否,应届毕业生,男性;通过法律职业资格考试，未通过的录用后需在录用单位工作满5年;普通高等院校毕业生（非在职）,韶关
南雄市人民法院,3060003,审判业务庭二级法官助理以下,30600032548004 ,从事审判辅助工作,法院法官助理职位,1,本科以上,学士以上,06法律类,06法律类,,否,应届毕业生,女性;通过法律职业资格考试，未通过的录用后需在录用单位工作满5年;普通高等院校毕业生（非在职）,韶关
南雄市人民法院,3060003,综合办公室（司法警察大队）二级主任科员以下,30600032549001 ,从事财务工作,法院司法行政职位,1,本科以上,学士以上,"会计学(A120201),会计硕士（专业硕士）(A120206)","会计学(B120203),财务管理(B120204)",,否,应届毕业生,,韶关
仁化县人民法院,3060004,审判执行业务庭五级法官助理,30600042548001 ,从事审判辅助工作,法院法官助理职位,1,本科,学士,,法学类(B0301),,否,否,男性;通过法律职业资格考试;普通高等院校毕业生（非在职）,韶关
仁化县人民法院,3060004,审判执行业务庭五级法官助理,30600042548002 ,从事审判辅助工作,法院法官助理职位,1,本科,学士,,法学类(B0301),,否,否,女性;通过法律职业资格考试;普通高等院校毕业生（非在职）,韶关
仁化县人民法院,3060004,审判执行业务庭五级法官助理,30600042548003 ,从事审判辅助工作,法院法官助理职位,1,本科,学士,,法学类(B0301),,否,应届毕业生,通过法律职业资格考试，未通过的录用后需在录用单位工作满5年;普通高等院校毕业生（非在职）,韶关
仁化县人民法院,3060004,司法警察大队一级警员,30600042550001 ,从事审判辅助工作,法院司法警察职位,1,本科,学士,,"法学(B030101),司法警察学(B030106)",,否,应届毕业生,男性,韶关
始兴县人民法院,3060005,综合办公室一级科员,30600052549001 ,从事信息化建设、系统管理等综合事务工作,法院司法行政职位,1,本科,学士,,"电子信息工程(B080701),信息工程(B080706),计算机类(B0809)",,否,应届毕业生,,韶关
始兴县人民法院,3060005,司法警察大队二级警长以下,30600052550001 ,从事押解、值庭、安全保卫等工作,法院司法警察职位,1,本科以上,学士以上,06法律类,06法律类,,否,否,男性,韶关
翁源县人民法院,3060006,审判执行业务部门二级法官助理以下,30600062548001 ,从事审判执行辅助工作,法院法官助理职位,1,本科以上,学士以上,06法律类,06法律类,,否,应届毕业生,男性;通过法律职业资格考试，未通过的录用后需在录用单位工作满5年;普通高等院校毕业生（非在职）,韶关
翁源县人民法院,3060006,审判执行业务部门二级法官助理以下,30600062548002 ,从事审判执行辅助工作,法院法官助理职位,1,本科以上,学士以上,06法律类,06法律类,,否,应届毕业生,女性;通过法律职业资格考试，未通过的录用后需在录用单位工作满5年;普通高等院校毕业生（非在职）,韶关
翁源县人民法院,3060006,审判执行业务部门二级法官助理以下,30600062548003 ,从事审判执行辅助工作,法院法官助理职位,1,本科以上,学士以上,06法律类,06法律类,,否,否,通过法律职业资格考试，未通过的录用后需在录用单位工作满5年;普通高等院校毕业生（非在职）,韶关
翁源县人民法院,3060006,司法行政部门二级主任科员以下,30600062549001 ,从事司法行政等工作,法院司法行政职位,1,本科以上,学士以上,"法学(A0301),政治学(A0302),马克思主义理论(A0305),中国语言文学(A0501)","法学类(B0301),政治学类(B0302),马克思主义理论类(B0305),中国语言文学类(B0501),保密管理(B120106),人力资源管理(B120206)",,否,否,,韶关
新丰县人民法院,3060007,审判业务庭五级法官助理,30600072548001 ,从事审判辅助工作,法院法官助理职位,1,本科,学士,,"法学(B030101),知识产权(B030102),监狱学(B030103),信用风险管理与法律防控(B030104),国际经贸规则(B030105),司法警察学(B030106),纪检监察(B030108)",,否,否,男性;通过法律职业资格考试;普通高等院校毕业生（非在职）,韶关
新丰县人民法院,3060007,审判业务庭五级法官助理,30600072548002 ,从事审判辅助工作,法院法官助理职位,1,本科,学士,,"法学(B030101),知识产权(B030102),监狱学(B030103),信用风险管理与法律防控(B030104),国际经贸规则(B030105),司法警察学(B030106),纪检监察(B030108)",,否,否,女性;通过法律职业资格考试;普通高等院校毕业生（非在职）,韶关
乳源瑶族自治县人民法院,3060008,审判执行业务庭二级法官助理以下,30600082548001 ,从事法官助理等司法辅助工作,法院法官助理职位,1,本科以上,学士以上,法学(A0301),"法学(B030101),知识产权(B030102)",,否,应届毕业生,男性;通过法律职业资格考试，未通过的录用后需在录用单位工作满5年;普通高等院校毕业生（非在职）,韶关
乳源瑶族自治县人民法院,3060008,审判执行业务庭二级法官助理以下,30600082548002 ,从事法官助理等司法辅助工作,法院法官助理职位,1,本科以上,学士以上,法学(A0301),"法学(B030101),知识产权(B030102)",,否,应届毕业生,女性;通过法律职业资格考试，未通过的录用后需在录用单位工作满5年;普通高等院校毕业生（非在职）,韶关
乳源瑶族自治县人民法院,3060008,审判执行业务庭二级法官助理以下,30600082548003 ,从事法官助理等司法辅助工作,法院法官助理职位,1,本科以上,学士以上,法学(A0301),法学类(B0301),,否,否,男性;通过法律职业资格考试;普通高等院校毕业生（非在职）,韶关
乳源瑶族自治县人民法院,3060008,审判执行业务庭二级法官助理以下,30600082548004 ,从事法官助理等司法辅助工作,法院法官助理职位,1,本科以上,学士以上,法学(A0301),法学类(B0301),,否,否,女性;通过法律职业资格考试;普通高等院校毕业生（非在职）,韶关
乳源瑶族自治县人民法院,3060008,综合办公室二级主任科员以下,30600082549001 ,从事财务、会计等司法行政工作,法院司法行政职位,1,本科以上,学士以上,工商管理(A1202),工商管理类(B1202),,否,否,瑶族;录用后需在录用单位工作满5年,韶关
韶关市浈江区人民法院,3060009,审判执行业务部门二级法官助理以下,30600092548001 ,从事审判执行辅助工作,法院法官助理职位,1,本科以上,学士以上,06法律类,06法律类,,否,否,"男性;通过法律职业资格考试;普通高等院校毕业生（非在职）, 研究生报考者本科须为法学专业且获法学学士学位",韶关
韶关市浈江区人民法院,3060009,审判执行业务部门二级法官助理以下,30600092548002 ,从事审判执行辅助工作,法院法官助理职位,1,本科以上,学士以上,06法律类,06法律类,,否,否,"女性;通过法律职业资格考试;普通高等院校毕业生（非在职）, 研究生报考者本科须为法学专业且获法学学士学位",韶关
韶关市浈江区人民法院,3060009,司法行政部门二级主任科员以下,30600092549001 ,从事信息化建设、系统管理等综合性事务工作,法院司法行政职位,1,本科以上,学士以上,"信息与通信工程(A0810),计算机科学与技术(A0812),软件工程(A0835)","信息工程(B080706),人工智能(B080717),计算机科学与技术(B080901),软件工程(B080902),网络工程(B080903),信息安全(B080904)",,否,应届毕业生,,韶关
韶关市曲江区人民法院,3060011,审判业务庭二级法官助理以下,30600112548001 ,从事审判执行业务相关的辅助性工作,法院法官助理职位,1,本科以上,学士以上,法学(A0301),法学类(B0301),,否,否,男性;通过法律职业资格考试;普通高等院校毕业生（非在职）,韶关
韶关市曲江区人民法院,3060011,审判业务庭二级法官助理以下,30600112548002 ,从事审判执行业务相关的辅助性工作,法院法官助理职位,1,本科以上,学士以上,法学(A0301),法学类(B0301),,否,否,女性;通过法律职业资格考试;普通高等院校毕业生（非在职）,韶关
韶关市曲江区人民法院,3060011,审判业务庭二级法官助理以下,30600112548003 ,从事审判执行业务相关的辅助性工作,法院法官助理职位,1,本科以上,学士以上,法学(A0301),"法学(B030101),知识产权(B030102)",,否,否,男性;通过法律职业资格考试;普通高等院校毕业生（非在职）,韶关
韶关市曲江区人民法院,3060011,审判业务庭二级法官助理以下,30600112548004 ,从事审判执行业务相关的辅助性工作,法院法官助理职位,1,本科以上,学士以上,法学(A0301),"法学(B030101),知识产权(B030102)",,否,否,女性;通过法律职业资格考试;普通高等院校毕业生（非在职）,韶关
河源市源城区人民法院,3070002,刑事审判庭四级法官助理,30700022548001 ,从事审判辅助工作,法院法官助理职位,1,研究生,硕士,"刑法学(A030104),法律（法学）(A030112)",,,否,否,"通过法律职业资格考试;普通高等院校毕业生（非在职）, 本科须为法学专业且获法学学士学位",河源
河源市源城区人民法院,3070002,综合办公室（司法警察大队）一级科员,30700022549001 ,从事财务会计工作,法院司法行政职位,1,本科,学士,,"会计学(B120203),财务管理(B120204),审计学(B120207)",,否,应届毕业生,,河源
河源市东源县人民法院,3070003,审判庭五级法官助理,30700032548001 ,从事审判辅助工作,法院法官助理职位,1,本科,学士,,法学类(B0301),,否,应届毕业生,男性;通过法律职业资格考试;普通高等院校毕业生（非在职）,河源
河源市东源县人民法院,3070003,审判庭五级法官助理,30700032548002 ,从事审判辅助工作,法院法官助理职位,1,本科,学士,,法学类(B0301),,否,应届毕业生,女性;通过法律职业资格考试;普通高等院校毕业生（非在职）,河源
河源市东源县人民法院,3070003,民事审判庭四级法官助理,30700032548003 ,从事审判辅助工作,法院法官助理职位,1,研究生,硕士,法学(A0301),,,否,否,通过法律职业资格考试;普通高等院校毕业生（非在职）,河源
河源市东源县人民法院,3070003,蓝口人民法庭五级法官助理,30700032548004 ,从事审判辅助工作,法院法官助理职位,1,本科,学士,,法学类(B0301),,否,否,通过法律职业资格考试;普通高等院校毕业生（非在职）,河源
河源市龙川县人民法院,3070004,审判业务庭二级法官助理以下,30700042548001 ,从事审判辅助工作,法院法官助理职位,1,本科以上,学士以上,06法律类,06法律类,,否,2025届高校毕业生,通过法律职业资格考试，未通过的录用后需在录用单位工作满5年;普通高等院校毕业生（非在职）,河源
河源市紫金县人民法院,3070005,刑事审判庭五级法官助理,30700052548001 ,从事审判辅助工作,法院法官助理职位,1,本科,学士,,法学类(B0301),,否,否,男性;通过法律职业资格考试，未通过的录用后需在录用单位工作满5年;普通高等院校毕业生（非在职）,河源
河源市紫金县人民法院,3070005,刑事审判庭五级法官助理,30700052548002 ,从事审判辅助工作,法院法官助理职位,1,本科,学士,,法学类(B0301),,否,否,女性;通过法律职业资格考试，未通过的录用后需在录用单位工作满5年;普通高等院校毕业生（非在职）,河源
河源市紫金县人民法院,3070005,民事审判庭五级法官助理,30700052548003 ,从事审判辅助工作,法院法官助理职位,1,本科,学士,,法学类(B0301),,否,应届毕业生,男性;通过法律职业资格考试，未通过的录用后需在录用单位工作满5年;普通高等院校毕业生（非在职）,河源
河源市紫金县人民法院,3070005,民事审判庭五级法官助理,30700052548004 ,从事审判辅助工作,法院法官助理职位,1,本科,学士,,法学类(B0301),,否,应届毕业生,女性;通过法律职业资格考试，未通过的录用后需在录用单位工作满5年;普通高等院校毕业生（非在职）,河源
河源市紫金县人民法院,3070005,执行局五级法官助理,30700052548005 ,从事审判辅助工作,法院法官助理职位,1,本科,学士,,法学类(B0301),,否,应届毕业生,男性;通过法律职业资格考试，未通过的录用后需在录用单位工作满5年;普通高等院校毕业生（非在职）,河源
河源市紫金县人民法院,3070005,执行局五级法官助理,30700052548006 ,从事审判辅助工作,法院法官助理职位,1,本科,学士,,法学类(B0301),,否,应届毕业生,女性;通过法律职业资格考试，未通过的录用后需在录用单位工作满5年;普通高等院校毕业生（非在职）,河源
河源市紫金县人民法院,3070005,综合办公室（司法警察大队）一级科员,30700052549001 ,从事财务会计工作,法院司法行政职位,1,本科,学士,,"会计学(B120203),财务管理(B120204)",,否,否,,河源
河源市紫金县人民法院,3070005,综合办公室（司法警察大队）一级科员,30700052549002 ,从事信息化建设辅助工作,法院司法行政职位,1,本科,学士,,"计算机科学与技术(B080901),软件工程(B080902),网络工程(B080903),数据科学与大数据技术(B080910)",,否,否,,河源
河源市和平县人民法院,3070006,民事审判庭五级法官助理,30700062548001 ,从事审判辅助工作,法院法官助理职位,1,本科,学士,,06法律类,,否,否,男性;通过法律职业资格考试，未通过的录用后需在录用单位工作满5年;普通高等院校毕业生（非在职）,河源
河源市和平县人民法院,3070006,民事审判庭五级法官助理,30700062548002 ,从事审判辅助工作,法院法官助理职位,1,本科,学士,,06法律类,,否,否,女性;通过法律职业资格考试，未通过的录用后需在录用单位工作满5年;普通高等院校毕业生（非在职）,河源
河源市和平县人民法院,3070006,彭寨人民法庭五级法官助理,30700062548003 ,从事审判辅助工作,法院法官助理职位,1,本科,学士,,06法律类,,否,否,通过法律职业资格考试，未通过的录用后需在录用单位工作满5年;普通高等院校毕业生（非在职）,河源
河源市和平县人民法院,3070006,政治部（督察室）一级科员,30700062549001 ,从事组织人事、党建政务等工作,法院司法行政职位,1,本科,学士,,公共管理类(B1204),,否,应届毕业生,,河源
河源市连平县人民法院,3070007,审判业务庭二级法官助理以下,30700072548001 ,从事审判辅助工作,法院法官助理职位,1,本科以上,学士以上,06法律类,06法律类,,否,否,男性;通过法律职业资格考试，未通过的录用后需在录用单位工作满5年;普通高等院校毕业生（非在职）,河源
河源市连平县人民法院,3070007,审判业务庭二级法官助理以下,30700072548002 ,从事审判辅助工作,法院法官助理职位,1,本科以上,学士以上,06法律类,06法律类,,否,否,女性;通过法律职业资格考试，未通过的录用后需在录用单位工作满5年;普通高等院校毕业生（非在职）,河源
广东省梅州市中级人民法院,3080001,审判执行部门五级法官助理,30800012548001 ,从事审判辅助工作,法院法官助理职位,2,本科以上,学士以上,法学(A0301),"法学(B030101),知识产权(B030102)",,否,2025届高校毕业生,男性;通过法律职业资格考试;普通高等院校毕业生（非在职）,梅州
广东省梅州市中级人民法院,3080001,审判执行部门五级法官助理,30800012548002 ,从事审判辅助工作,法院法官助理职位,2,本科以上,学士以上,法学(A0301),"法学(B030101),知识产权(B030102)",,否,2025届高校毕业生,女性;通过法律职业资格考试;普通高等院校毕业生（非在职）,梅州
广东省梅州市中级人民法院,3080001,司法行政部门一级科员,30800012549001 ,从事督察、文字综合工作,法院司法行政职位,1,本科,学士,,"法学(B030101),纪检监察(B030108),汉语言文学(B050101),汉语言(B050102)",,否,否,,梅州
兴宁市人民法院,3080003,审判业务庭四级法官助理以下,30800032548001 ,从事审判辅助工作,法院法官助理职位,1,本科以上,学士以上,"刑法学(A030104),民商法学（含：劳动法学、社会保障法学）(A030105),诉讼法学(A030106),经济法学(A030107)","法学(B030101),知识产权(B030102)",,否,否,男性;通过法律职业资格考试;普通高等院校毕业生（非在职）,梅州
兴宁市人民法院,3080003,审判业务庭四级法官助理以下,30800032548002 ,从事审判辅助工作,法院法官助理职位,1,本科以上,学士以上,"刑法学(A030104),民商法学（含：劳动法学、社会保障法学）(A030105),诉讼法学(A030106),经济法学(A030107)","法学(B030101),知识产权(B030102)",,否,否,女性;通过法律职业资格考试;普通高等院校毕业生（非在职）,梅州
兴宁市人民法院,3080003,审判业务庭四级法官助理以下,30800032548003 ,从事审判辅助工作,法院法官助理职位,2,本科以上,学士以上,06法律类,06法律类,,否,2025届高校毕业生,男性;通过法律职业资格考试;普通高等院校毕业生（非在职）,梅州
兴宁市人民法院,3080003,审判业务庭四级法官助理以下,30800032548004 ,从事审判辅助工作,法院法官助理职位,2,本科以上,学士以上,06法律类,06法律类,,否,2025届高校毕业生,女性;通过法律职业资格考试;普通高等院校毕业生（非在职）,梅州
梅县区人民法院,3080004,审判执行业务庭五级法官助理,30800042548001 ,从事审判执行辅助工作,法院法官助理职位,1,本科以上,学士以上,法学(A0301),"法学(B030101),知识产权(B030102)",,否,应届毕业生,男性;通过法律职业资格考试;普通高等院校毕业生（非在职）,梅州
梅县区人民法院,3080004,审判执行业务庭五级法官助理,30800042548002 ,从事审判执行辅助工作,法院法官助理职位,1,本科以上,学士以上,法学(A0301),"法学(B030101),知识产权(B030102)",,否,应届毕业生,女性;通过法律职业资格考试;普通高等院校毕业生（非在职）,梅州
梅县区人民法院,3080004,审判执行业务庭五级法官助理,30800042548003 ,从事审判执行辅助工作,法院法官助理职位,2,本科以上,学士以上,06法律类,06法律类,,否,否,男性;通过法律职业资格考试;普通高等院校毕业生（非在职）,梅州
梅县区人民法院,3080004,审判执行业务庭五级法官助理,30800042548004 ,从事审判执行辅助工作,法院法官助理职位,2,本科以上,学士以上,06法律类,06法律类,,否,否,女性;通过法律职业资格考试;普通高等院校毕业生（非在职）,梅州
平远县人民法院,3080005,审判部门四级法官助理以下,30800052548001 ,从事审判辅助工作,法院法官助理职位,1,本科以上,学士以上,06法律类,06法律类,,否,否,男性;通过法律职业资格考试;普通高等院校毕业生（非在职）,梅州
平远县人民法院,3080005,审判部门四级法官助理以下,30800052548002 ,从事审判辅助工作,法院法官助理职位,1,本科以上,学士以上,06法律类,06法律类,,否,否,女性;通过法律职业资格考试;普通高等院校毕业生（非在职）,梅州
平远县人民法院,3080005,审判部门四级法官助理以下,30800052548003 ,从事审判辅助工作,法院法官助理职位,1,本科以上,学士以上,法学(A0301),"法学(B030101),知识产权(B030102)",,否,应届毕业生,男性;通过法律职业资格考试;普通高等院校毕业生（非在职）,梅州
平远县人民法院,3080005,审判部门四级法官助理以下,30800052548004 ,从事审判辅助工作,法院法官助理职位,1,本科以上,学士以上,法学(A0301),"法学(B030101),知识产权(B030102)",,否,应届毕业生,女性;通过法律职业资格考试;普通高等院校毕业生（非在职）,梅州
蕉岭县人民法院,3080006,审判执行业务庭五级法官助理,30800062548001 ,从事审判辅助工作,法院法官助理职位,1,本科以上,学士以上,06法律类,06法律类,,否,否,男性;通过法律职业资格考试;普通高等院校毕业生（非在职）,梅州
蕉岭县人民法院,3080006,审判执行业务庭五级法官助理,30800062548002 ,从事审判辅助工作,法院法官助理职位,1,本科以上,学士以上,06法律类,06法律类,,否,否,女性;通过法律职业资格考试;普通高等院校毕业生（非在职）,梅州
蕉岭县人民法院,3080006,综合办公室（司法警察大队）一级警员,30800062550001 ,从事庭审押解、值勤、保卫等工作,法院司法警察职位,1,本科以上,学士以上,"法学(A0301),公安学(A0306)","法学(B030101),司法警察学(B030106),治安学(B030601),公安管理学(B030612)",,否,否,男性,梅州
大埔县人民法院,3080007,审判执行部门五级法官助理,30800072548001 ,从事审判执行辅助工作,法院法官助理职位,1,本科以上,学士以上,06法律类,06法律类,,否,否,男性;通过法律职业资格考试，未通过的录用后需在录用单位工作满5年;普通高等院校毕业生（非在职）,梅州
大埔县人民法院,3080007,审判执行部门五级法官助理,30800072548002 ,从事审判执行辅助工作,法院法官助理职位,1,本科以上,学士以上,06法律类,06法律类,,否,否,女性;通过法律职业资格考试，未通过的录用后需在录用单位工作满5年;普通高等院校毕业生（非在职）,梅州
大埔县人民法院,3080007,审判执行部门五级法官助理,30800072548003 ,从事审判执行辅助工作,法院法官助理职位,1,本科以上,学士以上,06法律类,06法律类,,否,应届毕业生,通过法律职业资格考试;普通高等院校毕业生（非在职）,梅州
大埔县人民法院,3080007,司法行政部门一级科员,30800072549001 ,从事财务管理等工作,法院司法行政职位,1,本科以上,学士以上,工商管理(A1202),"会计学(B120203),财务管理(B120204)",,否,否,,梅州
大埔县人民法院,3080007,司法行政部门一级科员,30800072549002 ,从事党建政务、文字材料等工作,法院司法行政职位,1,本科以上,学士以上,"马克思主义理论(A0305),中国语言文学(A0501)","马克思主义理论类(B0305),汉语言文学(B050101),汉语言(B050102)",,否,应届毕业生,,梅州
大埔县人民法院,3080007,综合办公室（司法警察大队）一级警员,30800072550001 ,从事保卫、值勤、协助庭审押解、审判执行等工作,法院司法警察职位,1,本科,学士,,"法学类(B0301),公安学类(B0306)",,否,否,男性,梅州
丰顺县人民法院,3080008,人民法庭四级法官助理以下,30800082548001 ,从事审判辅助工作,法院法官助理职位,1,本科以上,学士以上,06法律类,06法律类,,否,否,通过法律职业资格考试，未通过的录用后需在录用单位工作满5年;普通高等院校毕业生（非在职）,梅州
丰顺县人民法院,3080008,审判执行业务庭四级法官助理以下,30800082548002 ,从事审判辅助工作,法院法官助理职位,1,本科以上,学士以上,法学(A0301),"法学(B030101),知识产权(B030102)",,否,应届毕业生,男性;通过法律职业资格考试;普通高等院校毕业生（非在职）,梅州
丰顺县人民法院,3080008,审判执行业务庭四级法官助理以下,30800082548003 ,从事审判辅助工作,法院法官助理职位,1,本科以上,学士以上,法学(A0301),"法学(B030101),知识产权(B030102)",,否,应届毕业生,女性;通过法律职业资格考试;普通高等院校毕业生（非在职）,梅州
丰顺县人民法院,3080008,司法行政部门四级主任科员以下,30800082549001 ,从事文字材料写作、档案管理等综合行政事务工作,法院司法行政职位,1,本科以上,学士以上,"中国语言文学(A0501),工商管理(A1202),图书情报与档案管理(A1205)","中国语言文学类(B0501),工商管理类(B1202),图书情报与档案管理类(B1205)",,否,否,,梅州
五华县人民法院,3080009,审判执行业务庭四级法官助理,30800092548001 ,从事审判辅助工作,法院法官助理职位,1,研究生,硕士以上,06法律类,,,否,否,男性;通过法律职业资格考试;普通高等院校毕业生（非在职）,梅州
五华县人民法院,3080009,审判执行业务庭四级法官助理,30800092548002 ,从事审判辅助工作,法院法官助理职位,1,研究生,硕士以上,06法律类,,,否,否,女性;通过法律职业资格考试;普通高等院校毕业生（非在职）,梅州
五华县人民法院,3080009,审判执行业务庭五级法官助理,30800092548003 ,从事审判辅助工作,法院法官助理职位,1,本科以上,学士以上,法学(A0301),"法学(B030101),知识产权(B030102)",,否,2025届高校毕业生,男性;通过法律职业资格考试;普通高等院校毕业生（非在职）,梅州
五华县人民法院,3080009,审判执行业务庭五级法官助理,30800092548004 ,从事审判辅助工作,法院法官助理职位,1,本科以上,学士以上,法学(A0301),"法学(B030101),知识产权(B030102)",,否,2025届高校毕业生,女性;通过法律职业资格考试;普通高等院校毕业生（非在职）,梅州
五华县人民法院,3080009,审判执行业务庭五级法官助理,30800092548005 ,从事审判辅助工作,法院法官助理职位,1,本科以上,学士以上,06法律类,06法律类,,否,2025届高校毕业生,通过法律职业资格考试，未通过的录用后需在录用单位工作满5年;普通高等院校毕业生（非在职）,梅州
五华县人民法院,3080009,综合办公室一级科员,30800092549001 ,从事网络安全、信息化建设等工作,法院司法行政职位,1,本科,学士,,"计算机科学与技术(B080901),软件工程(B080902)",,否,否,,梅州
五华县人民法院,3080009,司法警察大队一级警员,30800092550001 ,从事执勤、押解、安全保卫等工作,法院司法警察职位,1,本科,学士,,"法学类(B0301),公安学类(B0306)",,否,否,男性,梅州
惠州市中级人民法院,3090001,司法行政部门一级科员,30900012549001 ,从事司法行政后勤工作,法院司法行政职位,1,本科,学士,,社会学类(B0303),,否,应届毕业生,,惠州
惠州市中级人民法院,3090001,司法警察支队二级警长以下,30900012550001 ,从事押解、值庭、安全保卫等工作,法院司法警察职位,2,本科以上,学士以上,法学(A0301),法学类(B0301),,否,应届毕业生,男性,惠州
惠州市惠城区人民法院,3090002,审判执行部门二级法官助理以下,30900022548001 ,从事审判辅助工作,法院法官助理职位,1,研究生,硕士以上,"刑法学(A030104),民商法学（含：劳动法学、社会保障法学）(A030105),诉讼法学(A030106),国际法学（含：国际公法、国际私法、国际经济法）(A030109)",,,否,2025届高校毕业生,"男性;通过法律职业资格考试;普通高等院校毕业生（非在职）, 本科须为法学专业且获法学学士学位",惠州
惠州市惠城区人民法院,3090002,审判执行部门二级法官助理以下,30900022548002 ,从事审判辅助工作,法院法官助理职位,1,研究生,硕士以上,"刑法学(A030104),民商法学（含：劳动法学、社会保障法学）(A030105),诉讼法学(A030106),国际法学（含：国际公法、国际私法、国际经济法）(A030109)",,,否,2025届高校毕业生,"女性;通过法律职业资格考试;普通高等院校毕业生（非在职）, 本科须为法学专业且获法学学士学位",惠州
惠州市惠城区人民法院,3090002,审判执行部门二级法官助理以下,30900022548003 ,从事审判辅助工作,法院法官助理职位,1,研究生,硕士以上,"宪法学与行政法学(A030103),刑法学(A030104),民商法学（含：劳动法学、社会保障法学）(A030105),诉讼法学(A030106),环境与资源保护法学(A030108)",,,否,2025届高校毕业生,"通过法律职业资格考试;普通高等院校毕业生（非在职）, 本科须为法学专业且获法学学士学位",惠州
惠州市惠城区人民法院,3090002,仲恺高新技术产业开发区人民法庭四级法官助理,30900022548004 ,从事审判辅助工作,法院法官助理职位,1,研究生,硕士,法学(A0301),,,否,否,"通过法律职业资格考试;普通高等院校毕业生（非在职）, 本科须为法学专业且获法学学士学位",惠州
惠州市惠城区人民法院,3090002,政治部（督察室）一级科员,30900022549001 ,从事党务、组织人事、文字综合等相关工作,法院司法行政职位,1,本科,学士,,"哲学(B01),马克思主义理论类(B0305)",,否,应届毕业生,,惠州
惠州市惠城区人民法院,3090002,综合办公室四级主任科员,30900022549002 ,从事网络技术、信息化等相关工作,法院司法行政职位,1,研究生,硕士,计算机科学与技术(A0812),,,否,应届毕业生,,惠州
惠州市惠城区人民法院,3090002,综合办公室一级科员,30900022549003 ,从事财务会计、工作经费管理等相关工作,法院司法行政职位,1,本科,学士,,"法学类(B0301),会计学(B120203),财务管理(B120204),审计学(B120207)",,否,应届毕业生,,惠州
惠州市惠阳区人民法院,3090003,审判庭五级法官助理,30900032548001 ,从事审判辅助工作,法院法官助理职位,1,本科,学士,,法学类(B0301),,否,2025届高校毕业生,通过法律职业资格考试;普通高等院校毕业生（非在职）,惠州
惠州市惠阳区人民法院,3090003,司法警察大队一级警员,30900032550001 ,从事司法警察工作,法院司法警察职位,1,本科,学士,,公安学类(B0306),,否,否,男性,惠州
惠东县人民法院,3090004,内设机构五级法官助理,30900042548001 ,从事审判辅助工作,法院法官助理职位,1,本科,学士,,06法律类,,否,应届毕业生,男性;通过法律职业资格考试;普通高等院校毕业生（非在职）,惠州
惠东县人民法院,3090004,内设机构五级法官助理,30900042548002 ,从事审判辅助工作,法院法官助理职位,1,本科,学士,,06法律类,,否,应届毕业生,女性;通过法律职业资格考试;普通高等院校毕业生（非在职）,惠州
惠东县人民法院,3090004,内设机构五级法官助理,30900042548003 ,从事审判辅助工作,法院法官助理职位,1,本科,学士,,06法律类,,否,否,男性;通过法律职业资格考试;普通高等院校毕业生（非在职）,惠州
惠东县人民法院,3090004,内设机构五级法官助理,30900042548004 ,从事审判辅助工作,法院法官助理职位,1,本科,学士,,06法律类,,否,否,女性;通过法律职业资格考试;普通高等院校毕业生（非在职）,惠州
惠东县人民法院,3090004,内设机构五级法官助理,30900042548005 ,从事审判辅助工作,法院法官助理职位,1,本科,学士,,06法律类,,否,否,通过法律职业资格考试;普通高等院校毕业生（非在职）,惠州
博罗县人民法院,3090005,人民法庭五级法官助理,30900052548001 ,从事审判辅助工作,法院法官助理职位,1,本科,学士,,法学类(B0301),,否,应届毕业生,通过法律职业资格考试;普通高等院校毕业生（非在职）,惠州
博罗县人民法院,3090005,人民法庭五级法官助理,30900052548002 ,从事审判辅助工作,法院法官助理职位,1,本科,学士,,法学类(B0301),,否,否,通过法律职业资格考试;普通高等院校毕业生（非在职）,惠州
博罗县人民法院,3090005,人民法庭五级法官助理,30900052548003 ,从事审判辅助工作,法院法官助理职位,1,本科,学士,,法学类(B0301),,否,否,男性;通过法律职业资格考试;普通高等院校毕业生（非在职）,惠州
博罗县人民法院,3090005,人民法庭五级法官助理,30900052548004 ,从事审判辅助工作,法院法官助理职位,1,本科,学士,,法学类(B0301),,否,否,女性;通过法律职业资格考试;普通高等院校毕业生（非在职）,惠州
博罗县人民法院,3090005,立案庭（诉讼服务中心）一级科员,30900052549001 ,从事诉前调解、信访等工作,法院司法行政职位,2,本科,学士,,"社会学(B030301),社会工作(B030302),人类学(B030303),社会政策(B030307)",,否,应届毕业生,,惠州
龙门县人民法院,3090006,审判业务庭五级法官助理,30900062548001 ,从事审判辅助相关工作,法院法官助理职位,2,本科,学士,,法学类(B0301),,否,应届毕业生,男性;通过法律职业资格考试;普通高等院校毕业生（非在职）,惠州
龙门县人民法院,3090006,审判业务庭五级法官助理,30900062548002 ,从事审判辅助相关工作,法院法官助理职位,2,本科,学士,,法学类(B0301),,否,应届毕业生,女性;通过法律职业资格考试;普通高等院校毕业生（非在职）,惠州
龙门县人民法院,3090006,审判业务庭五级法官助理,30900062548003 ,从事审判辅助相关工作,法院法官助理职位,1,本科,学士,,"法学(B030101),知识产权(B030102)",,否,否,通过法律职业资格考试;普通高等院校毕业生（非在职）,惠州
龙门县人民法院,3090006,综合办公室（司法警察大队）一级警员,30900062550001 ,从事押解、维护审判秩序、配合实施执行措施、法庭安全保卫等工作,法院司法警察职位,1,本科,学士,,"法学类(B0301),公安学类(B0306)",,否,否,男性,惠州
惠州市大亚湾经济技术开发区人民法院,3090007,立案庭（诉讼服务中心）五级法官助理,30900072548001 ,从事审判辅助和信访工作,法院法官助理职位,1,本科,学士,,法学类(B0301),,否,应届毕业生,男性;通过法律职业资格考试;普通高等院校毕业生（非在职）,惠州
惠州市大亚湾经济技术开发区人民法院,3090007,立案庭（诉讼服务中心）五级法官助理,30900072548002 ,从事审判辅助和信访工作,法院法官助理职位,1,本科,学士,,法学类(B0301),,否,应届毕业生,女性;通过法律职业资格考试;普通高等院校毕业生（非在职）,惠州
汕尾市中级人民法院,3100001,审判业务庭五级法官助理,31000012548001 ,从事审判辅助工作,法院法官助理职位,2,本科,学士,,"法学(B030101),知识产权(B030102)",,否,否,通过法律职业资格考试;普通高等院校毕业生（非在职）,汕尾
汕尾市中级人民法院,3100001,司法警察支队一级警员,31000012550001 ,从事司法警务工作,法院司法警察职位,1,本科,学士,,"司法警察学(B030106),公安学类(B0306)",,否,否,男性,汕尾
汕尾市城区人民法院,3100002,民事审判庭五级法官助理,31000022548001 ,从事审判辅助工作,法院法官助理职位,1,本科,学士,,法学类(B0301),,否,否,通过法律职业资格考试;普通高等院校毕业生（非在职）,汕尾
海丰县人民法院,3100003,审判业务庭五级法官助理,31000032548001 ,从事审判辅助工作,法院法官助理职位,2,本科,学士,,法学类(B0301),,否,应届毕业生,通过法律职业资格考试;普通高等院校毕业生（非在职）,汕尾
海丰县人民法院,3100003,审判业务庭五级法官助理,31000032548002 ,从事审判辅助工作,法院法官助理职位,1,本科,学士,,法学类(B0301),,否,否,通过法律职业资格考试;普通高等院校毕业生（非在职）,汕尾
陆丰市人民法院,3100004,综合审判庭五级法官助理,31000042548001 ,从事审判辅助工作,法院法官助理职位,1,本科,学士,,法学类(B0301),,否,2025届高校毕业生,男性;通过法律职业资格考试，未通过的录用后需在录用单位工作满5年;普通高等院校毕业生（非在职）,汕尾
陆丰市人民法院,3100004,综合审判庭五级法官助理,31000042548002 ,从事审判辅助工作,法院法官助理职位,1,本科,学士,,法学类(B0301),,否,2025届高校毕业生,女性;通过法律职业资格考试，未通过的录用后需在录用单位工作满5年;普通高等院校毕业生（非在职）,汕尾
陆丰市人民法院,3100004,执行局五级法官助理,31000042548003 ,从事审判辅助工作,法院法官助理职位,1,本科,学士,,法学类(B0301),,否,否,男性;通过法律职业资格考试，未通过的录用后需在录用单位工作满5年;普通高等院校毕业生（非在职）,汕尾
陆丰市人民法院,3100004,执行局五级法官助理,31000042548004 ,从事审判辅助工作,法院法官助理职位,1,本科,学士,,法学类(B0301),,否,否,女性;通过法律职业资格考试，未通过的录用后需在录用单位工作满5年;普通高等院校毕业生（非在职）,汕尾
陆河县人民法院,3100005,政治部（督察室）一级科员,31000052549001 ,从事党务、人事、公文写作工作,法院司法行政职位,1,本科,学士,,中国语言文学类(B0501),,否,应届毕业生,男性;中共党员,汕尾
陆河县人民法院,3100005,政治部（督察室）一级科员,31000052549002 ,从事党务、人事、公文写作工作,法院司法行政职位,1,本科,学士,,中国语言文学类(B0501),,否,应届毕业生,女性;中共党员,汕尾
东莞市中级人民法院,3110001,司法警察支队四级警长以下,31100012550001 ,从事押解、送达、执行辅助、安保等工作,法院司法警察职位,1,本科以上,学士以上,法学(A0301),"法学(B030101),知识产权(B030102),司法警察学(B030106)",,否,应届毕业生,男性,东莞
东莞市中级人民法院,3110001,司法警察支队一级警员,31100012550002 ,从事押解、送达、执行辅助、安保等工作,法院司法警察职位,1,本科,学士,,"治安学(B030601),侦查学(B030602),警卫学(B030609),警务指挥与战术(B030615),公安政治工作(B030619)",,否,否,男性,东莞
东莞市第一人民法院,3110002,机关五级法官助理,31100022548001 ,从事审判执行辅助工作,法院法官助理职位,2,本科以上,学士以上,"宪法学与行政法学(A030103),刑法学(A030104),民商法学（含：劳动法学、社会保障法学）(A030105),诉讼法学(A030106)",法学(B030101),,否,应届毕业生,"男性;通过法律职业资格考试;普通高等院校毕业生（非在职）, 研究生报考者本科须为法学专业且获法学学士学位",东莞
东莞市第一人民法院,3110002,机关五级法官助理,31100022548002 ,从事审判执行辅助工作,法院法官助理职位,2,本科以上,学士以上,"宪法学与行政法学(A030103),刑法学(A030104),民商法学（含：劳动法学、社会保障法学）(A030105),诉讼法学(A030106)",法学(B030101),,否,应届毕业生,"女性;通过法律职业资格考试;普通高等院校毕业生（非在职）, 研究生报考者本科须为法学专业且获法学学士学位",东莞
东莞市第一人民法院,3110002,机关五级法官助理,31100022548003 ,从事审判执行辅助工作,法院法官助理职位,1,本科以上,学士以上,"宪法学与行政法学(A030103),民商法学（含：劳动法学、社会保障法学）(A030105),诉讼法学(A030106)",法学(B030101),,否,否,"男性;通过法律职业资格考试;普通高等院校毕业生（非在职）, 研究生报考者本科须为法学专业且获法学学士学位",东莞
东莞市第一人民法院,3110002,机关五级法官助理,31100022548004 ,从事审判执行辅助工作,法院法官助理职位,1,本科以上,学士以上,"宪法学与行政法学(A030103),民商法学（含：劳动法学、社会保障法学）(A030105),诉讼法学(A030106)",法学(B030101),,否,否,"女性;通过法律职业资格考试;普通高等院校毕业生（非在职）, 研究生报考者本科须为法学专业且获法学学士学位",东莞
东莞市第一人民法院,3110002,机关五级法官助理,31100022548005 ,从事审判执行辅助工作,法院法官助理职位,1,本科以上,学士以上,"刑法学(A030104),民商法学（含：劳动法学、社会保障法学）(A030105),诉讼法学(A030106)",法学(B030101),,否,否,"男性;通过法律职业资格考试;普通高等院校毕业生（非在职）, 研究生报考者本科须为法学专业且获法学学士学位",东莞
东莞市第一人民法院,3110002,机关五级法官助理,31100022548006 ,从事审判执行辅助工作,法院法官助理职位,1,本科以上,学士以上,"刑法学(A030104),民商法学（含：劳动法学、社会保障法学）(A030105),诉讼法学(A030106)",法学(B030101),,否,否,"女性;通过法律职业资格考试;普通高等院校毕业生（非在职）, 研究生报考者本科须为法学专业且获法学学士学位",东莞
东莞市第二人民法院,3110003,机关五级法官助理,31100032548001 ,从事审判辅助工作,法院法官助理职位,1,本科以上,学士以上,"刑法学(A030104),民商法学（含：劳动法学、社会保障法学）(A030105),诉讼法学(A030106)",法学(B030101),,否,应届毕业生,"男性;通过法律职业资格考试;普通高等院校毕业生（非在职）, 研究生报考者本科须为法学专业且获法学学士学位",东莞
东莞市第二人民法院,3110003,机关五级法官助理,31100032548002 ,从事审判辅助工作,法院法官助理职位,1,本科以上,学士以上,"刑法学(A030104),民商法学（含：劳动法学、社会保障法学）(A030105),诉讼法学(A030106)",法学(B030101),,否,应届毕业生,"女性;通过法律职业资格考试;普通高等院校毕业生（非在职）, 研究生报考者本科须为法学专业且获法学学士学位",东莞
东莞市第二人民法院,3110003,机关五级法官助理,31100032548003 ,从事审判辅助工作,法院法官助理职位,1,本科以上,学士以上,"刑法学(A030104),民商法学（含：劳动法学、社会保障法学）(A030105),诉讼法学(A030106)",法学(B030101),,否,否,"通过法律职业资格考试;普通高等院校毕业生（非在职）, 研究生报考者本科须为法学专业且获法学学士学位",东莞
东莞市第三人民法院,3110004,机关四级法官助理以下,31100042548001 ,从事审判辅助工作,法院法官助理职位,3,本科以上,学士以上,法学(A0301),法学类(B0301),,否,应届毕业生,"男性;通过法律职业资格考试;普通高等院校毕业生（非在职）, 研究生报考者本科须为法学专业且获法学学士学位",东莞
东莞市第三人民法院,3110004,机关四级法官助理以下,31100042548002 ,从事审判辅助工作,法院法官助理职位,3,本科以上,学士以上,法学(A0301),法学类(B0301),,否,应届毕业生,"女性;通过法律职业资格考试;普通高等院校毕业生（非在职）, 研究生报考者本科须为法学专业且获法学学士学位",东莞
东莞市第三人民法院,3110004,机关五级法官助理,31100042548003 ,从事审判辅助工作,法院法官助理职位,2,本科以上,学士以上,法学(A0301),法学类(B0301),,否,2025届高校毕业生,"通过法律职业资格考试;普通高等院校毕业生（非在职）, 研究生报考者本科须为法学专业且获法学学士学位",东莞
中山市中级人民法院,3120001,审判执行部门五级法官助理,31200012548001 ,从事审判执行辅助工作,法院法官助理职位,1,本科以上,学士以上,法学(A0301),"法学(B030101),知识产权(B030102),国际经贸规则(B030105)",,否,应届毕业生,"通过法律职业资格考试;普通高等院校毕业生（非在职）, 研究生报考者本科须为法学专业且获法学学士学位",中山
中山市中级人民法院,3120001,审判执行部门五级法官助理,31200012548002 ,从事审判执行辅助工作,法院法官助理职位,1,本科以上,学士以上,法学(A0301),"法学(B030101),知识产权(B030102),国际经贸规则(B030105)",,否,否,"女性;通过法律职业资格考试;普通高等院校毕业生（非在职）, 研究生报考者本科须为法学专业且获法学学士学位",中山
中山市中级人民法院,3120001,审判执行部门五级法官助理,31200012548003 ,从事审判执行辅助工作,法院法官助理职位,1,本科以上,学士以上,法学(A0301),"法学(B030101),知识产权(B030102),国际经贸规则(B030105)",,否,否,"男性;通过法律职业资格考试;普通高等院校毕业生（非在职）, 研究生报考者本科须为法学专业且获法学学士学位",中山
中山市第一人民法院,3120002,审判执行部门五级法官助理,31200022548001 ,从事审判、执行辅助性工作,法院法官助理职位,2,本科以上,学士以上,"宪法学与行政法学(A030103),刑法学(A030104),民商法学（含：劳动法学、社会保障法学）(A030105),诉讼法学(A030106),经济法学(A030107),环境与资源保护法学(A030108),国际法学（含：国际公法、国际私法、国际经济法）(A030109),法律（法学）(A030112)","法学(B030101),知识产权(B030102)",,否,应届毕业生,"男性;通过法律职业资格考试;普通高等院校毕业生（非在职）, 研究生报考者本科须为法学专业且获法学学士学位",中山
中山市第一人民法院,3120002,审判执行部门五级法官助理,31200022548002 ,从事审判、执行辅助性工作,法院法官助理职位,2,本科以上,学士以上,"宪法学与行政法学(A030103),刑法学(A030104),民商法学（含：劳动法学、社会保障法学）(A030105),诉讼法学(A030106),经济法学(A030107),环境与资源保护法学(A030108),国际法学（含：国际公法、国际私法、国际经济法）(A030109),法律（法学）(A030112)","法学(B030101),知识产权(B030102)",,否,应届毕业生,"女性;通过法律职业资格考试;普通高等院校毕业生（非在职）, 研究生报考者本科须为法学专业且获法学学士学位",中山
中山市第一人民法院,3120002,审判执行部门五级法官助理,31200022548003 ,从事审判、执行辅助性工作,法院法官助理职位,3,本科以上,学士以上,"宪法学与行政法学(A030103),刑法学(A030104),民商法学（含：劳动法学、社会保障法学）(A030105),诉讼法学(A030106),经济法学(A030107),环境与资源保护法学(A030108),国际法学（含：国际公法、国际私法、国际经济法）(A030109),法律（法学）(A030112)","法学(B030101),知识产权(B030102)",,否,否,"男性;通过法律职业资格考试;普通高等院校毕业生（非在职）, 研究生报考者本科须为法学专业且获法学学士学位",中山
中山市第一人民法院,3120002,审判执行部门五级法官助理,31200022548004 ,从事审判、执行辅助性工作,法院法官助理职位,3,本科以上,学士以上,"宪法学与行政法学(A030103),刑法学(A030104),民商法学（含：劳动法学、社会保障法学）(A030105),诉讼法学(A030106),经济法学(A030107),环境与资源保护法学(A030108),国际法学（含：国际公法、国际私法、国际经济法）(A030109),法律（法学）(A030112)","法学(B030101),知识产权(B030102)",,否,否,"女性;通过法律职业资格考试;普通高等院校毕业生（非在职）, 研究生报考者本科须为法学专业且获法学学士学位",中山
中山市第二人民法院,3120003,审判执行部门五级法官助理,31200032548001 ,从事审判执行辅助工作,法院法官助理职位,2,本科以上,学士以上,法学(A0301),"法学(B030101),知识产权(B030102)",,否,否,"男性;通过法律职业资格考试;普通高等院校毕业生（非在职）, 研究生报考者本科须为法学专业且获法学学士学位",中山
中山市第二人民法院,3120003,审判执行部门五级法官助理,31200032548002 ,从事审判执行辅助工作,法院法官助理职位,2,本科以上,学士以上,法学(A0301),"法学(B030101),知识产权(B030102)",,否,否,"女性;通过法律职业资格考试;普通高等院校毕业生（非在职）, 研究生报考者本科须为法学专业且获法学学士学位",中山
中山市第二人民法院,3120003,审判执行部门五级法官助理,31200032548003 ,从事审判执行辅助工作,法院法官助理职位,2,本科以上,学士以上,法学(A0301),"法学(B030101),知识产权(B030102)",,否,2025届高校毕业生,"男性;通过法律职业资格考试;普通高等院校毕业生（非在职）, 研究生报考者本科须为法学专业且获法学学士学位",中山
中山市第二人民法院,3120003,审判执行部门五级法官助理,31200032548004 ,从事审判执行辅助工作,法院法官助理职位,2,本科以上,学士以上,法学(A0301),"法学(B030101),知识产权(B030102)",,否,2025届高校毕业生,"女性;通过法律职业资格考试;普通高等院校毕业生（非在职）, 研究生报考者本科须为法学专业且获法学学士学位",中山
江门市蓬江区人民法院,3130002,二级法官助理以下,31300022548001 ,从事审判执行辅助工作,法院法官助理职位,1,本科以上,学士以上,法学(A0301),法学(B030101),,否,应届毕业生,通过法律职业资格考试;普通高等院校毕业生（非在职）,江门
江门市蓬江区人民法院,3130002,二级法官助理以下,31300022548002 ,从事审判执行辅助工作,法院法官助理职位,1,本科以上,学士以上,法学(A0301),法学(B030101),,否,2025届高校毕业生,"男性;通过法律职业资格考试;普通高等院校毕业生（非在职）, 研究生报考者本科须为法学专业且获法学学士学位",江门
江门市蓬江区人民法院,3130002,二级法官助理以下,31300022548003 ,从事审判执行辅助工作,法院法官助理职位,1,本科以上,学士以上,法学(A0301),法学(B030101),,否,2025届高校毕业生,"女性;通过法律职业资格考试;普通高等院校毕业生（非在职）, 研究生报考者本科须为法学专业且获法学学士学位",江门
江门市蓬江区人民法院,3130002,司法警察大队二级警长以下,31300022550001 ,从事押解、值庭、安全保卫等工作,法院司法警察职位,1,本科以上,学士以上,"法学(A0301),公安学(A0306)","法学(B030101),司法警察学(B030106),公安学类(B0306)",,否,应届毕业生,男性,江门
江门市江海区人民法院,3130003,四级法官助理以下,31300032548001 ,从事民事审判辅助工作,法院法官助理职位,1,本科以上,学士以上,法学(A0301),法学类(B0301),,否,否,"通过法律职业资格考试;普通高等院校毕业生（非在职）, 研究生报考者本科须为法学专业且获法学学士学位",江门
江门市江海区人民法院,3130003,四级法官助理以下,31300032548002 ,从事刑事审判辅助工作,法院法官助理职位,1,本科以上,学士以上,"刑法学(A030104),诉讼法学(A030106),法律（法学）(A030112)","法学(B030101),知识产权(B030102)",,否,应届毕业生,"通过法律职业资格考试;普通高等院校毕业生（非在职）, 研究生报考者本科须为法学专业且获法学学士学位",江门
江门市新会区人民法院,3130004,四级法官助理以下,31300042548001 ,从事审判辅助工作,法院法官助理职位,3,本科以上,学士以上,法学(A0301),法学(B030101),,否,应届毕业生,"男性;通过法律职业资格考试;普通高等院校毕业生（非在职）, 研究生报考者本科须为法学专业且获法学学士学位",江门
江门市新会区人民法院,3130004,四级法官助理以下,31300042548002 ,从事审判辅助工作,法院法官助理职位,3,本科以上,学士以上,法学(A0301),法学(B030101),,否,应届毕业生,"女性;通过法律职业资格考试;普通高等院校毕业生（非在职）, 研究生报考者本科须为法学专业且获法学学士学位",江门
台山市人民法院,3130005,四级法官助理以下,31300052548001 ,从事审判执行辅助工作,法院法官助理职位,1,本科以上,学士以上,法学(A0301),法学类(B0301),,否,否,男性;通过法律职业资格考试;普通高等院校毕业生（非在职）,江门
台山市人民法院,3130005,四级法官助理以下,31300052548002 ,从事审判执行辅助工作,法院法官助理职位,1,本科以上,学士以上,法学(A0301),法学类(B0301),,否,否,女性;通过法律职业资格考试;普通高等院校毕业生（非在职）,江门
台山市人民法院,3130005,四级主任科员以下,31300052549001 ,从事组织人事、机关党建等相关工作,法院司法行政职位,2,本科以上,学士以上,"政治学(A0302),马克思主义理论(A0305),新闻传播学(A0503)","政治学类(B0302),马克思主义理论类(B0305),新闻传播学类(B0503)",,否,应届毕业生,中共党员,江门
开平市人民法院,3130006,四级法官助理以下,31300062548001 ,从事审判辅助工作,法院法官助理职位,1,本科以上,学士以上,法学(A0301),法学类(B0301),,否,否,男性;通过法律职业资格考试;普通高等院校毕业生（非在职）,江门
开平市人民法院,3130006,四级法官助理以下,31300062548002 ,从事审判辅助工作,法院法官助理职位,1,本科以上,学士以上,法学(A0301),法学类(B0301),,否,否,女性;通过法律职业资格考试;普通高等院校毕业生（非在职）,江门
开平市人民法院,3130006,四级法官助理以下,31300062548003 ,从事审判辅助工作,法院法官助理职位,1,本科以上,学士以上,法学(A0301),法学类(B0301),,否,应届毕业生,通过法律职业资格考试;普通高等院校毕业生（非在职）,江门
开平市人民法院,3130006,四级警长以下,31300062550001 ,从事押解、法庭安全保卫等工作,法院司法警察职位,2,本科以上,学士以上,"法学(A0301),公安学(A0306)","法学类(B0301),公安学类(B0306)",,否,应届毕业生,男性,江门
恩平市人民法院,3130007,四级法官助理以下,31300072548001 ,从事审判辅助工作,法院法官助理职位,1,研究生,硕士以上,法学(A0301),,,否,否,通过法律职业资格考试;普通高等院校毕业生（非在职）,江门
恩平市人民法院,3130007,四级主任科员以下,31300072549001 ,从事司法行政后勤、综合调研等工作,法院司法行政职位,1,本科以上,学士以上,"哲学(A01),法学(A0301),中国语言文学(A0501),新闻传播学(A0503),行政管理(A120401),档案学(A120503)","哲学(B01),法学类(B0301),中国语言文学类(B0501),新闻传播学类(B0503),人力资源管理(B120206),档案学(B120502)",,否,应届毕业生,,江门
恩平市人民法院,3130007,四级警长以下,31300072550001 ,从事押解、维护审判秩序、配合实施执行措施等工作,法院司法警察职位,1,本科以上,学士以上,"法学(A0301),公安学(A0306)","法学类(B0301),公安学类(B0306)",,否,否,女性,江门
鹤山市人民法院,3130008,四级法官助理以下,31300082548001 ,从事审判辅助工作,法院法官助理职位,1,研究生,硕士以上,法学(A0301),,,否,否,"男性;通过法律职业资格考试;普通高等院校毕业生（非在职）, 本科须为法学专业且获法学学士学位",江门
鹤山市人民法院,3130008,四级法官助理以下,31300082548002 ,从事审判辅助工作,法院法官助理职位,1,研究生,硕士以上,法学(A0301),,,否,否,"女性;通过法律职业资格考试;普通高等院校毕业生（非在职）, 本科须为法学专业且获法学学士学位",江门
广东省阳江市中级人民法院,3140001,五级法官助理,31400012548001 ,从事审判辅助工作,法院法官助理职位,1,研究生,硕士以上,法学(A0301),,,否,应届毕业生,"男性;通过法律职业资格考试;普通高等院校毕业生（非在职）, 本科须为法学专业且获法学学士学位",阳江
广东省阳江市中级人民法院,3140001,五级法官助理,31400012548002 ,从事审判辅助工作,法院法官助理职位,1,研究生,硕士以上,法学(A0301),,,否,应届毕业生,"女性;通过法律职业资格考试;普通高等院校毕业生（非在职）, 本科须为法学专业且获法学学士学位",阳江
江城区人民法院,3140002,五级法官助理,31400022548001 ,从事审判辅助工作,法院法官助理职位,2,本科以上,学士以上,法学(A0301),"法学(B030101),知识产权(B030102)",,否,应届毕业生,男性;通过法律职业资格考试;普通高等院校毕业生（非在职）,阳江
江城区人民法院,3140002,五级法官助理,31400022548002 ,从事审判辅助工作,法院法官助理职位,2,本科以上,学士以上,法学(A0301),"法学(B030101),知识产权(B030102)",,否,应届毕业生,女性;通过法律职业资格考试;普通高等院校毕业生（非在职）,阳江
江城区人民法院,3140002,政治部（督察室）一级科员,31400022549001 ,从事党建、组织人事以及综合材料撰写等工作,法院司法行政职位,1,本科以上,学士以上,马克思主义理论(A0305),马克思主义理论类(B0305),,否,应届毕业生,,阳江
江城区人民法院,3140002,综合办公室一级科员,31400022549002 ,从事财务相关工作,法院司法行政职位,1,本科以上,学士以上,"审计硕士（专业硕士）(A020218),会计学(A120201),会计硕士（专业硕士）(A120206)","会计学(B120203),财务管理(B120204),审计学(B120207)",,否,应届毕业生,,阳江
阳东区人民法院,3140003,五级法官助理,31400032548001 ,从事审判辅助工作,法院法官助理职位,1,本科以上,学士以上,法学(A0301),法学类(B0301),,否,否,通过法律职业资格考试;普通高等院校毕业生（非在职）,阳江
阳春市人民法院,3140004,五级法官助理,31400042548001 ,从事审判辅助工作,法院法官助理职位,2,本科以上,学士以上,法学(A0301),法学类(B0301),,否,否,男性;通过法律职业资格考试;普通高等院校毕业生（非在职）,阳江
阳春市人民法院,3140004,五级法官助理,31400042548002 ,从事审判辅助工作,法院法官助理职位,2,本科以上,学士以上,法学(A0301),法学类(B0301),,否,否,女性;通过法律职业资格考试;普通高等院校毕业生（非在职）,阳江
阳西县人民法院,3140005,五级法官助理,31400052548001 ,从事审判辅助工作,法院法官助理职位,1,本科以上,学士以上,法学(A0301),法学类(B0301),,否,否,男性;通过法律职业资格考试;普通高等院校毕业生（非在职）,阳江
阳西县人民法院,3140005,五级法官助理,31400052548002 ,从事审判辅助工作,法院法官助理职位,1,本科以上,学士以上,法学(A0301),法学类(B0301),,否,否,女性;通过法律职业资格考试;普通高等院校毕业生（非在职）,阳江
阳西县人民法院,3140005,一级科员,31400052549001 ,从事新闻宣传、材料写作等工作,法院司法行政职位,1,本科以上,学士以上,"汉语言文字学(A050103),新闻学(A050301)","汉语言文学(B050101),新闻学(B050301)",,否,否,,阳江
阳西县人民法院,3140005,司法警察大队一级警员,31400052550001 ,从事押解、送达、执行辅助、安保等警务保障工作,法院司法警察职位,1,本科以上,学士以上,不限,不限,,否,否,男性,阳江
湛江市中级人民法院,3150001,审判业务部门A二级法官助理以下,31500012548001 ,从事审判辅助工作,法院法官助理职位,1,研究生,硕士以上,法学(A0301),,,否,应届毕业生,"男性;通过法律职业资格考试;普通高等院校毕业生（非在职）, 本科须为法学专业且获法学学士学位",湛江
湛江市中级人民法院,3150001,审判业务部门A二级法官助理以下,31500012548002 ,从事审判辅助工作,法院法官助理职位,1,研究生,硕士以上,法学(A0301),,,否,应届毕业生,"女性;通过法律职业资格考试;普通高等院校毕业生（非在职）, 本科须为法学专业且获法学学士学位",湛江
湛江市中级人民法院,3150001,审判业务部门B二级法官助理以下,31500012548003 ,从事审判辅助工作,法院法官助理职位,1,研究生,硕士以上,法学(A0301),,,否,应届毕业生,"男性;通过法律职业资格考试;普通高等院校毕业生（非在职）, 本科须为法学专业且获法学学士学位",湛江
湛江市中级人民法院,3150001,审判业务部门B二级法官助理以下,31500012548004 ,从事审判辅助工作,法院法官助理职位,1,研究生,硕士以上,法学(A0301),,,否,应届毕业生,"女性;通过法律职业资格考试;普通高等院校毕业生（非在职）, 本科须为法学专业且获法学学士学位",湛江
湛江市中级人民法院,3150001,审判业务部门C二级法官助理以下,31500012548005 ,从事审判辅助工作,法院法官助理职位,1,研究生,硕士以上,法学(A0301),,,否,否,"通过法律职业资格考试;普通高等院校毕业生（非在职）, 本科须为法学专业且获法学学士学位",湛江
湛江市中级人民法院,3150001,司法警察支队二级警长以下,31500012550001 ,从事押解、看管、值庭、审判秩序维护等警务保障工作,法院司法警察职位,1,本科以上,学士以上,"法学(A0301),公安学(A0306),体育学(A0403)","法学类(B0301),公安学类(B0306),体育学类(B0402)",,否,否,男性,湛江
湛江经济技术开发区人民法院,3150002,硇洲人民法庭法官助理二级法官助理以下,31500022548001 ,从事法官助理工作,法院法官助理职位,1,本科以上,学士以上,06法律类,06法律类,,否,否,"通过法律职业资格考试;普通高等院校毕业生（非在职）, 研究生报考者本科须为法学专业且获法学学士学位",湛江
湛江经济技术开发区人民法院,3150002,审判业务部门法官助理二级法官助理以下,31500022548002 ,从事法官助理工作,法院法官助理职位,1,本科以上,学士以上,06法律类,06法律类,,否,应届毕业生,"通过法律职业资格考试;普通高等院校毕业生（非在职）, 研究生报考者本科须为法学专业且获法学学士学位",湛江
湛江市赤坎区人民法院,3150003,民事审判庭四级法官助理,31500032548001 ,从事审判辅助工作,法院法官助理职位,1,研究生,硕士,法学(A0301),,,否,应届毕业生,"通过法律职业资格考试;普通高等院校毕业生（非在职）, 本科须为法学专业且获法学学士学位",湛江
湛江市赤坎区人民法院,3150003,综合办公室（司法警察大队）四级警长以下,31500032550001 ,从事警卫法庭、看管押解刑事被告人等工作；参与有关审判和执行工作,法院司法警察职位,2,本科以上,学士以上,"法学(A0301),公安学(A0306),体育学(A0403),中国语言文学(A0501)","法学类(B0301),公安学类(B0306),体育学类(B0402),中国语言文学类(B0501)",,否,2025届高校毕业生,男性,湛江
湛江市霞山区人民法院,3150004,刑事审判庭二级法官助理以下,31500042548001 ,从事审判辅助工作,法院法官助理职位,1,本科以上,学士以上,06法律类,06法律类,,否,应届毕业生,男性;通过法律职业资格考试;普通高等院校毕业生（非在职）,湛江
湛江市霞山区人民法院,3150004,刑事审判庭二级法官助理以下,31500042548002 ,从事审判辅助工作,法院法官助理职位,1,本科以上,学士以上,06法律类,06法律类,,否,应届毕业生,女性;通过法律职业资格考试;普通高等院校毕业生（非在职）,湛江
湛江市霞山区人民法院,3150004,民事审判庭二级法官助理以下,31500042548003 ,从事审判辅助工作,法院法官助理职位,3,本科以上,学士以上,06法律类,06法律类,,否,否,通过法律职业资格考试;普通高等院校毕业生（非在职）,湛江
湛江市霞山区人民法院,3150004,综合办公室（司法警察大队）二级警长以下,31500042550001 ,从事押解、值庭、安全保护等工作,法院司法警察职位,1,本科以上,学士以上,06法律类,06法律类,,否,应届毕业生,男性,湛江
湛江市坡头区人民法院,3150005,立案庭（诉讼服务中心）五级法官助理,31500052548001 ,从事审判辅助工作,法院法官助理职位,1,本科以上,学士以上,06法律类,06法律类,,否,否,男性;通过法律职业资格考试;普通高等院校毕业生（非在职）,湛江
湛江市坡头区人民法院,3150005,立案庭（诉讼服务中心）五级法官助理,31500052548002 ,从事审判辅助工作,法院法官助理职位,1,本科以上,学士以上,06法律类,06法律类,,否,否,女性;通过法律职业资格考试;普通高等院校毕业生（非在职）,湛江
湛江市坡头区人民法院,3150005,综合审判庭五级法官助理,31500052548003 ,从事审判辅助工作,法院法官助理职位,1,本科以上,学士以上,06法律类,06法律类,,否,否,男性;通过法律职业资格考试;普通高等院校毕业生（非在职）,湛江
湛江市坡头区人民法院,3150005,综合审判庭五级法官助理,31500052548004 ,从事审判辅助工作,法院法官助理职位,1,本科以上,学士以上,06法律类,06法律类,,否,否,女性;通过法律职业资格考试;普通高等院校毕业生（非在职）,湛江
湛江市麻章区人民法院,3150006,综合审判庭四级法官助理以下,31500062548001 ,从事审判辅助工作,法院法官助理职位,1,本科以上,学士以上,法学(A0301),法学类(B0301),,否,否,"通过法律职业资格考试;普通高等院校毕业生（非在职）, 研究生报考者本科须为法学专业且获法学学士学位",湛江
湛江市麻章区人民法院,3150006,综合办公室（司法警察大队）四级警长以下,31500062550001 ,从事值庭、押解犯人工作,法院司法警察职位,1,本科以上,学士以上,"公安学(A0306),体育学(A0403)","公安学类(B0306),体育学类(B0402)",,否,应届毕业生,男性,湛江
雷州市人民法院,3150007,审判业务庭五级法官助理,31500072548001 ,从事审判辅助工作,法院法官助理职位,2,本科,学士,,06法律类,,否,否,男性;通过法律职业资格考试;普通高等院校毕业生（非在职）,湛江
雷州市人民法院,3150007,审判业务庭五级法官助理,31500072548002 ,从事审判辅助工作,法院法官助理职位,2,本科,学士,,06法律类,,否,否,女性;通过法律职业资格考试;普通高等院校毕业生（非在职）,湛江
雷州市人民法院,3150007,审判业务庭五级法官助理,31500072548003 ,从事审判辅助工作,法院法官助理职位,1,本科,学士,,06法律类,,否,应届毕业生,男性;通过法律职业资格考试，未通过的录用后需在录用单位工作满5年;普通高等院校毕业生（非在职）,湛江
雷州市人民法院,3150007,审判业务庭五级法官助理,31500072548004 ,从事审判辅助工作,法院法官助理职位,1,本科,学士,,06法律类,,否,应届毕业生,女性;通过法律职业资格考试，未通过的录用后需在录用单位工作满5年;普通高等院校毕业生（非在职）,湛江
雷州市人民法院,3150007,政治部（督察室）一级科员,31500072549001 ,从事机关党建工作,法院司法行政职位,1,本科,学士,,"法学类(B0301),汉语言文学(B050101)",,否,否,男性;中共党员,湛江
雷州市人民法院,3150007,政治部（督察室）一级科员,31500072549002 ,从事机关党建工作,法院司法行政职位,1,本科,学士,,"法学类(B0301),汉语言文学(B050101)",,否,否,女性;中共党员,湛江
廉江市人民法院,3150008,审判业务庭二级法官助理以下,31500082548001 ,从事审判辅助工作,法院法官助理职位,1,本科以上,学士以上,法学(A0301),法学类(B0301),,否,否,"男性;通过法律职业资格考试;普通高等院校毕业生（非在职）, 研究生报考者本科须为法学专业且获法学学士学位",湛江
廉江市人民法院,3150008,审判业务庭二级法官助理以下,31500082548002 ,从事审判辅助工作,法院法官助理职位,1,本科以上,学士以上,法学(A0301),法学类(B0301),,否,否,"女性;通过法律职业资格考试;普通高等院校毕业生（非在职）, 研究生报考者本科须为法学专业且获法学学士学位",湛江
廉江市人民法院,3150008,审判业务庭二级法官助理以下,31500082548003 ,从事审判辅助工作,法院法官助理职位,1,研究生,硕士以上,法学(A0301),,,否,否,"通过法律职业资格考试;普通高等院校毕业生（非在职）, 本科须为法学专业且获法学学士学位",湛江
吴川市人民法院,3150009,审判业务庭二级法官助理以下,31500092548001 ,从事审判辅助工作,法院法官助理职位,1,本科以上,学士以上,06法律类,06法律类,,否,否,通过法律职业资格考试;普通高等院校毕业生（非在职）,湛江
吴川市人民法院,3150009,审判业务庭二级法官助理以下,31500092548002 ,从事审判辅助工作,法院法官助理职位,1,本科以上,学士以上,06法律类,06法律类,,否,应届毕业生,通过法律职业资格考试，未通过的录用后需在录用单位工作满5年;普通高等院校毕业生（非在职）,湛江
遂溪县人民法院,3150010,民事审判一庭四级法官助理以下,31500102548001 ,从事审判辅助工作,法院法官助理职位,1,本科以上,学士以上,法学(A0301),法学类(B0301),,否,应届毕业生,"男性;通过法律职业资格考试，未通过的录用后需在录用单位工作满5年;普通高等院校毕业生（非在职）, 研究生报考者本科须为法学专业且获法学学士学位",湛江
遂溪县人民法院,3150010,民事审判一庭四级法官助理以下,31500102548002 ,从事审判辅助工作,法院法官助理职位,1,本科以上,学士以上,法学(A0301),法学类(B0301),,否,应届毕业生,"女性;通过法律职业资格考试，未通过的录用后需在录用单位工作满5年;普通高等院校毕业生（非在职）, 研究生报考者本科须为法学专业且获法学学士学位",湛江
徐闻县人民法院,3150011,审判业务庭五级法官助理,31500112548001 ,从事审判辅助工作,法院法官助理职位,1,本科,学士,,法学类(B0301),,否,应届毕业生,男性;通过法律职业资格考试，未通过的录用后需在录用单位工作满5年;普通高等院校毕业生（非在职）,湛江
徐闻县人民法院,3150011,审判业务庭五级法官助理,31500112548002 ,从事审判辅助工作,法院法官助理职位,1,本科,学士,,法学类(B0301),,否,应届毕业生,女性;通过法律职业资格考试，未通过的录用后需在录用单位工作满5年;普通高等院校毕业生（非在职）,湛江
徐闻县人民法院,3150011,审判业务庭五级法官助理,31500112548003 ,从事审判辅助工作,法院法官助理职位,3,本科,学士,,法学类(B0301),,否,否,男性;通过法律职业资格考试;普通高等院校毕业生（非在职）,湛江
徐闻县人民法院,3150011,审判业务庭五级法官助理,31500112548004 ,从事审判辅助工作,法院法官助理职位,3,本科,学士,,法学类(B0301),,否,否,女性;通过法律职业资格考试;普通高等院校毕业生（非在职）,湛江
徐闻县人民法院,3150011,政治部（督察室）一级科员,31500112549001 ,从事党务、干部档案管理等工作,法院司法行政职位,1,本科,学士,,中国语言文学类(B0501),,否,应届毕业生,中共党员,湛江
徐闻县人民法院,3150011,综合办公室（司法警察大队）一级警员,31500112550001 ,从事押解、值庭、安全保卫等工作,法院司法警察职位,1,本科,学士,,"法学类(B0301),公安学类(B0306),体育学类(B0402)",,否,应届毕业生,男性,湛江
茂名市中级人民法院,3160001,审判业务部门五级法官助理,31600012548001 ,从事审判辅助工作,法院法官助理职位,1,本科以上,学士以上,法学(A0301),法学类(B0301),,否,否,"男性;通过法律职业资格考试;普通高等院校毕业生（非在职）, 研究生报考者本科须为法学专业且获法学学士学位",茂名
茂名市中级人民法院,3160001,审判业务部门五级法官助理,31600012548002 ,从事审判辅助工作,法院法官助理职位,1,本科以上,学士以上,法学(A0301),法学类(B0301),,否,否,"女性;通过法律职业资格考试;普通高等院校毕业生（非在职）, 研究生报考者本科须为法学专业且获法学学士学位",茂名
茂名市中级人民法院,3160001,审判业务部门五级法官助理,31600012548003 ,从事审判辅助工作,法院法官助理职位,1,本科以上,学士以上,法学(A0301),法学类(B0301),,否,应届毕业生,"男性;通过法律职业资格考试;普通高等院校毕业生（非在职）, 研究生报考者本科须为法学专业且获法学学士学位",茂名
茂名市中级人民法院,3160001,审判业务部门五级法官助理,31600012548004 ,从事审判辅助工作,法院法官助理职位,1,本科以上,学士以上,法学(A0301),法学类(B0301),,否,应届毕业生,"女性;通过法律职业资格考试;普通高等院校毕业生（非在职）, 研究生报考者本科须为法学专业且获法学学士学位",茂名
茂名市茂南区人民法院,3160002,行政审判庭五级法官助理,31600022548001 ,从事审判辅助工作,法院法官助理职位,1,本科以上,学士以上,法学(A0301),法学类(B0301),,否,2025届高校毕业生,通过法律职业资格考试;普通高等院校毕业生（非在职）,茂名
茂名市茂南区人民法院,3160002,镇盛人民法庭五级法官助理,31600022548002 ,从事审判辅助工作,法院法官助理职位,1,本科以上,学士以上,法学(A0301),法学类(B0301),,否,否,通过法律职业资格考试;普通高等院校毕业生（非在职）,茂名
茂名市茂南区人民法院,3160002,羊角人民法庭五级法官助理,31600022548003 ,从事审判辅助工作,法院法官助理职位,1,本科以上,学士以上,法学(A0301),法学类(B0301),,否,否,男性;通过法律职业资格考试;普通高等院校毕业生（非在职）,茂名
茂名市茂南区人民法院,3160002,羊角人民法庭五级法官助理,31600022548004 ,从事审判辅助工作,法院法官助理职位,1,本科以上,学士以上,法学(A0301),法学类(B0301),,否,否,女性;通过法律职业资格考试;普通高等院校毕业生（非在职）,茂名
茂名市茂南区人民法院,3160002,审判管理办公室一级科员,31600022549001 ,从事审判管理、新闻宣传、意识形态、综合调研等工作,法院司法行政职位,1,本科以上,学士以上,法学(A0301),法学类(B0301),,否,2025届高校毕业生,,茂名
茂名市茂南区人民法院,3160002,综合办公室一级科员,31600022549002 ,从事综合协调、办文办会、档案管理、保密等综合事务工作,法院司法行政职位,1,本科以上,学士以上,工商管理(A1202),"中国语言文学类(B0501),工商管理类(B1202)",,否,2025届高校毕业生,中共党员,茂名
茂名市电白区人民法院,3160003,民事审判一庭五级法官助理,31600032548001 ,从事审判辅助工作,法院法官助理职位,1,研究生,硕士以上,法学(A0301),,,否,否,男性;通过法律职业资格考试;普通高等院校毕业生（非在职）,茂名
茂名市电白区人民法院,3160003,民事审判一庭五级法官助理,31600032548002 ,从事审判辅助工作,法院法官助理职位,1,研究生,硕士以上,法学(A0301),,,否,否,女性;通过法律职业资格考试;普通高等院校毕业生（非在职）,茂名
茂名市电白区人民法院,3160003,民事审判三庭五级法官助理,31600032548003 ,从事审判辅助工作,法院法官助理职位,1,本科以上,学士以上,法学(A0301),法学类(B0301),,否,2025届高校毕业生,男性;通过法律职业资格考试;普通高等院校毕业生（非在职）,茂名
茂名市电白区人民法院,3160003,民事审判三庭五级法官助理,31600032548004 ,从事审判辅助工作,法院法官助理职位,1,本科以上,学士以上,法学(A0301),法学类(B0301),,否,2025届高校毕业生,女性;通过法律职业资格考试;普通高等院校毕业生（非在职）,茂名
茂名市电白区人民法院,3160003,岭门人民法庭五级法官助理,31600032548005 ,从事审判辅助工作,法院法官助理职位,1,本科以上,学士以上,法学(A0301),法学类(B0301),,否,2025届高校毕业生,通过法律职业资格考试;普通高等院校毕业生（非在职）,茂名
茂名市电白区人民法院,3160003,沙琅人民法庭五级法官助理,31600032548006 ,从事审判辅助工作,法院法官助理职位,1,本科以上,学士以上,法学(A0301),法学类(B0301),,否,2025届高校毕业生,通过法律职业资格考试;普通高等院校毕业生（非在职）,茂名
茂名市电白区人民法院,3160003,电城人民法庭五级法官助理,31600032548007 ,从事审判辅助工作,法院法官助理职位,1,本科以上,学士以上,法学(A0301),法学类(B0301),,否,2025届高校毕业生,通过法律职业资格考试;普通高等院校毕业生（非在职）,茂名
茂名市电白区人民法院,3160003,林头人民法庭五级法官助理,31600032548008 ,从事审判辅助工作,法院法官助理职位,1,本科以上,学士以上,法学(A0301),法学类(B0301),,否,2025届高校毕业生,通过法律职业资格考试;普通高等院校毕业生（非在职）,茂名
茂名市电白区人民法院,3160003,政治部（机关党委）一级科员,31600032549001 ,从事机关党务工作,法院司法行政职位,1,本科以上,学士以上,"政治学(A0302),马克思主义理论(A0305)","政治学类(B0302),马克思主义理论类(B0305)",,否,应届毕业生,男性;中共党员,茂名
茂名市电白区人民法院,3160003,政治部（机关党委）一级科员,31600032549002 ,从事机关党务工作,法院司法行政职位,1,本科以上,学士以上,"政治学(A0302),马克思主义理论(A0305)","政治学类(B0302),马克思主义理论类(B0305)",,否,应届毕业生,女性;中共党员,茂名
茂名市电白区人民法院,3160003,综合办公室一级科员,31600032549003 ,从事财务、会计工作,法院司法行政职位,1,本科以上,学士以上,"会计学(A120201),会计硕士（专业硕士）(A120206)","会计学(B120203),财务管理(B120204)",,否,应届毕业生,,茂名
茂名市电白区人民法院,3160003,综合办公室一级科员,31600032549004 ,从事文秘、综合材料撰写工作,法院司法行政职位,1,本科以上,学士以上,中国语言文学(A0501),"汉语言文学(B050101),汉语言(B050102),秘书学(B050107)",,否,应届毕业生,,茂名
茂名市电白区人民法院,3160003,司法警察大队一级警员,31600032550001 ,从事押解、法庭安全保卫工作,法院司法警察职位,2,本科以上,学士以上,"法学(A0301),公安学(A0306)","法学类(B0301),公安学类(B0306)",,否,否,男性,茂名
信宜市人民法院,3160004,执行局五级法官助理,31600042548001 ,从事审判执行辅助工作,法院法官助理职位,1,本科以上,学士以上,法学(A0301),"法学(B030101),知识产权(B030102)",,否,否,男性;通过法律职业资格考试，未通过的录用后需在录用单位工作满5年;普通高等院校毕业生（非在职）,茂名
信宜市人民法院,3160004,执行局五级法官助理,31600042548002 ,从事审判执行辅助工作,法院法官助理职位,1,本科以上,学士以上,法学(A0301),"法学(B030101),知识产权(B030102)",,否,否,女性;通过法律职业资格考试，未通过的录用后需在录用单位工作满5年;普通高等院校毕业生（非在职）,茂名
信宜市人民法院,3160004,刑事审判庭五级法官助理,31600042548003 ,从事审判辅助工作,法院法官助理职位,1,本科以上,学士以上,法学(A0301),"法学(B030101),知识产权(B030102),监狱学(B030103)",,否,应届毕业生,男性;通过法律职业资格考试;普通高等院校毕业生（非在职）,茂名
信宜市人民法院,3160004,刑事审判庭五级法官助理,31600042548004 ,从事审判辅助工作,法院法官助理职位,1,本科以上,学士以上,法学(A0301),"法学(B030101),知识产权(B030102),监狱学(B030103)",,否,应届毕业生,女性;通过法律职业资格考试;普通高等院校毕业生（非在职）,茂名
信宜市人民法院,3160004,政治部（督察室）一级科员,31600042549001 ,从事党建、组织人事、综合行政等工作,法院司法行政职位,1,本科以上,学士以上,"政治学理论(A030201),马克思主义理论(A0305),中国语言文学(A0501),企业管理（含：财务管理、市场营销、人力资源管理）(A120202)","政治学与行政学(B030201),马克思主义理论类(B0305),汉语言文学(B050101),汉语言(B050102),人力资源管理(B120206)",,否,应届毕业生,男性;中共党员,茂名
信宜市人民法院,3160004,政治部（督察室）一级科员,31600042549002 ,从事党建、组织人事、综合行政等工作,法院司法行政职位,1,本科以上,学士以上,"政治学理论(A030201),马克思主义理论(A0305),中国语言文学(A0501),企业管理（含：财务管理、市场营销、人力资源管理）(A120202)","政治学与行政学(B030201),马克思主义理论类(B0305),汉语言文学(B050101),汉语言(B050102),人力资源管理(B120206)",,否,应届毕业生,女性;中共党员,茂名
信宜市人民法院,3160004,司法警察大队一级警员,31600042550001 ,从事押解、安全保卫工作,法院司法警察职位,2,本科以上,学士以上,"法学(A0301),公安学(A0306),体育学(A0403)","监狱学(B030103),司法警察学(B030106),公安学类(B0306),体育学类(B0402)",,否,否,男性,茂名
高州市人民法院,3160005,民事审判二庭五级法官助理,31600052548001 ,从事审判辅助工作,法院法官助理职位,1,本科以上,学士以上,法学(A0301),法学类(B0301),,否,否,通过法律职业资格考试;普通高等院校毕业生（非在职）,茂名
高州市人民法院,3160005,民事审判二庭五级法官助理,31600052548002 ,从事审判辅助工作,法院法官助理职位,3,本科以上,学士以上,法学(A0301),法学类(B0301),,否,应届毕业生,通过法律职业资格考试;普通高等院校毕业生（非在职）,茂名
高州市人民法院,3160005,刑事审判庭五级法官助理,31600052548003 ,从事审判辅助工作,法院法官助理职位,1,本科以上,学士以上,法学(A0301),法学类(B0301),,否,否,通过法律职业资格考试;普通高等院校毕业生（非在职）,茂名
高州市人民法院,3160005,刑事审判庭五级法官助理,31600052548004 ,从事审判辅助工作,法院法官助理职位,2,本科以上,学士以上,法学(A0301),法学类(B0301),,否,应届毕业生,通过法律职业资格考试;普通高等院校毕业生（非在职）,茂名
化州市人民法院,3160006,民事审判一庭五级法官助理,31600062548001 ,从事审判辅助类工作,法院法官助理职位,1,本科以上,学士以上,法学(A0301),法学类(B0301),,否,否,女性;通过法律职业资格考试;普通高等院校毕业生（非在职）,茂名
化州市人民法院,3160006,民事审判一庭五级法官助理,31600062548002 ,从事审判辅助类工作,法院法官助理职位,1,本科以上,学士以上,法学(A0301),法学类(B0301),,否,否,男性;通过法律职业资格考试;普通高等院校毕业生（非在职）,茂名
化州市人民法院,3160006,综合审判庭五级法官助理,31600062548003 ,从事审判辅助类工作,法院法官助理职位,1,本科以上,学士以上,法学(A0301),法学类(B0301),,否,应届毕业生,通过法律职业资格考试，未通过的录用后需在录用单位工作满5年;普通高等院校毕业生（非在职）,茂名
化州市人民法院,3160006,审判管理办公室（研究室）一级科员,31600062549001 ,从事信息调研、宣传以及综合材料撰写等工作,法院司法行政职位,2,本科以上,学士以上,中国语言文学(A0501),中国语言文学类(B0501),,否,应届毕业生,,茂名
化州市人民法院,3160006,司法警察大队一级警员,31600062550001 ,从事押解、法院庭审安全、警队日常管理等工作,法院司法警察职位,2,本科以上,学士以上,法学(A03),法学(B03),,否,否,男性,茂名
化州市人民法院,3160006,司法警察大队一级警员,31600062550002 ,从事押解、法院庭审安全、警队日常管理等工作,法院司法警察职位,2,本科以上,学士以上,法学(A03),法学(B03),,否,否,女性,茂名
肇庆市端州区人民法院,3170002,审判业务庭五级法官助理,31700022548001 ,从事审判、执行辅助工作,法院法官助理职位,2,研究生,硕士,法学(A0301),,,否,应届毕业生,"通过法律职业资格考试;普通高等院校毕业生（非在职）, 本科须为法学专业且获法学学士学位",肇庆
肇庆市端州区人民法院,3170002,政治部（机关党委、督察室）一级科员,31700022549001 ,从事综合行政相关工作,法院司法行政职位,1,研究生,硕士,"政治学理论(A030201),马克思主义理论(A0305),中国语言文学(A0501),新闻学(A050301),行政管理(A120401)",,,否,应届毕业生,中共党员,肇庆
肇庆市端州区人民法院,3170002,综合办公室（司法警察大队）一级警员,31700022550001 ,从事警务保障工作,法院司法警察职位,1,本科以上,学士以上,"法学(A0301),公安学(A0306)","法学类(B0301),公安学类(B0306),体育学类(B0402)",,否,否,男性,肇庆
肇庆市鼎湖区人民法院,3170003,政治部（督察室）一级科员,31700032549001 ,从事组织人事、纪检监察等工作,法院司法行政职位,1,本科以上,学士以上,"法学(A0301),政治学(A0302)","法学类(B0301),政治学类(B0302),汉语言文学(B050101),汉语言(B050102)",,否,应届毕业生,中共党员,肇庆
四会市人民法院,3170004,审判业务庭四级法官助理,31700042548001 ,从事审判、执行辅助工作,法院法官助理职位,1,研究生,硕士,法学(A0301),,,否,否,"通过法律职业资格考试;普通高等院校毕业生（非在职）, 本科须为法学专业且获法学学士学位",肇庆
肇庆市高要区人民法院,3170005,审判业务庭五级法官助理,31700052548001 ,从事审判、执行辅助工作,法院法官助理职位,1,本科以上,学士以上,法学(A0301),法学(B030101),,否,否,"通过法律职业资格考试;普通高等院校毕业生（非在职）, 研究生报考者本科须为法学专业且获法学学士学位",肇庆
肇庆市高要区人民法院,3170005,审判业务庭五级法官助理,31700052548002 ,从事审判、执行辅助工作,法院法官助理职位,1,本科以上,学士以上,法学(A0301),法学(B030101),,否,否,"男性;通过法律职业资格考试;普通高等院校毕业生（非在职）, 研究生报考者本科须为法学专业且获法学学士学位",肇庆
肇庆市高要区人民法院,3170005,审判业务庭五级法官助理,31700052548003 ,从事审判、执行辅助工作,法院法官助理职位,1,本科以上,学士以上,法学(A0301),法学(B030101),,否,否,"女性;通过法律职业资格考试;普通高等院校毕业生（非在职）, 研究生报考者本科须为法学专业且获法学学士学位",肇庆
肇庆市高要区人民法院,3170005,政治部（机关党委、督察室）一级科员,31700052549001 ,从事党务、督察、人事政工等工作,法院司法行政职位,1,本科以上,学士以上,"政治学理论(A030201),马克思主义理论(A0305),中国语言文学(A0501)","政治学与行政学(B030201),马克思主义理论类(B0305),中国语言文学类(B0501)",,否,应届毕业生,中共党员,肇庆
肇庆市高要区人民法院,3170005,审判管理办公室（研究室）一级科员,31700052549002 ,从事信息调研、宣传以及综合材料撰写等工作,法院司法行政职位,1,本科以上,学士以上,"语言学及应用语言学(A050102),汉语言文字学(A050103),新闻学(A050301)","汉语言文学(B050101),秘书学(B050107),新闻学(B050301)",,否,应届毕业生,,肇庆
广宁县人民法院,3170006,审判业务庭五级法官助理,31700062548001 ,从事审判、执行辅助工作,法院法官助理职位,3,本科以上,学士以上,法学(A0301),法学类(B0301),,否,否,通过法律职业资格考试;普通高等院校毕业生（非在职）,肇庆
德庆县人民法院,3170007,审判业务庭五级法官助理,31700072548001 ,从事审判、执行辅助工作,法院法官助理职位,2,本科以上,学士以上,法学(A0301),法学类(B0301),,否,否,男性;通过法律职业资格考试;普通高等院校毕业生（非在职）,肇庆
德庆县人民法院,3170007,审判业务庭五级法官助理,31700072548002 ,从事审判、执行辅助工作,法院法官助理职位,2,本科以上,学士以上,法学(A0301),法学类(B0301),,否,否,女性;通过法律职业资格考试;普通高等院校毕业生（非在职）,肇庆
封开县人民法院,3170008,审判业务庭四级法官助理以下,31700082548001 ,从事审判、执行辅助工作,法院法官助理职位,1,本科以上,学士、硕士,法学(A0301),法学类(B0301),,否,否,通过法律职业资格考试;普通高等院校毕业生（非在职）,肇庆
封开县人民法院,3170008,综合办公室（司法警察大队）四级主任科员以下,31700082549001 ,从事账务会计工作,法院司法行政职位,1,本科以上,学士、硕士,"会计学(A120201),会计硕士（专业硕士）(A120206)","会计学(B120203),财务管理(B120204),审计学(B120207),财务会计教育(B120213)",,否,否,,肇庆
封开县人民法院,3170008,综合办公室（司法警察大队）四级警长以下,31700082550001 ,从事警务保障工作,法院司法警察职位,1,本科以上,学士、硕士,"法学(A0301),公安学(A0306)","法学类(B0301),公安学类(B0306),体育教育(B040201),运动训练(B040202),体能训练(B040208)",,否,否,,肇庆
怀集县人民法院,3170009,审判业务庭四级法官助理以下,31700092548001 ,从事审判、执行辅助工作,法院法官助理职位,2,本科以上,学士、硕士,法学(A0301),法学类(B0301),,否,否,男性;通过法律职业资格考试;普通高等院校毕业生（非在职）,肇庆
怀集县人民法院,3170009,审判业务庭四级法官助理以下,31700092548002 ,从事审判、执行辅助工作,法院法官助理职位,2,本科以上,学士、硕士,法学(A0301),法学类(B0301),,否,否,女性;通过法律职业资格考试;普通高等院校毕业生（非在职）,肇庆
怀集县人民法院,3170009,综合办公室（司法警察大队）四级警长以下,31700092550001 ,从事警务保障工作,法院司法警察职位,1,本科以上,学士、硕士,"法学(A0301),公安学(A0306)","法学类(B0301),公安学类(B0306),体育学类(B0402)",,否,否,女性,肇庆
清远市中级人民法院,3180001,司法行政装备科一级科员,31800012549001 ,从事财务、统计、审计类工作,法院司法行政职位,1,本科以上,学士以上,"会计学(A120201),会计硕士（专业硕士）(A120206)","会计学(B120203),财务管理(B120204),审计学(B120207)",,否,否,,清远
清远市清城区人民法院,3180002,审判庭五级法官助理,31800022548001 ,从事审判辅助等工作,法院法官助理职位,1,研究生,硕士,法学(A0301),,,否,应届毕业生,"男性;通过法律职业资格考试;普通高等院校毕业生（非在职）, 本科须为法学专业且获法学学士学位",清远
清远市清城区人民法院,3180002,审判庭五级法官助理,31800022548002 ,从事审判辅助等工作,法院法官助理职位,1,研究生,硕士,法学(A0301),,,否,应届毕业生,"女性;通过法律职业资格考试;普通高等院校毕业生（非在职）, 本科须为法学专业且获法学学士学位",清远
清远市清城区人民法院,3180002,人民法庭五级法官助理,31800022548003 ,从事审判辅助等工作,法院法官助理职位,1,本科,学士,,法学类(B0301),,否,应届毕业生,通过法律职业资格考试;普通高等院校毕业生（非在职）,清远
清远市清城区人民法院,3180002,人民法庭五级法官助理,31800022548004 ,从事审判辅助等工作,法院法官助理职位,1,本科,学士,,法学类(B0301),,否,否,通过法律职业资格考试;普通高等院校毕业生（非在职）,清远
清远市清城区人民法院,3180002,综合办公室一级科员,31800022549001 ,从事办公室会计财务等工作,法院司法行政职位,1,本科,学士,,"金融工程(B020302),会计学(B120203),财务管理(B120204)",,否,应届毕业生,男性,清远
清远市清城区人民法院,3180002,综合办公室一级科员,31800022549002 ,从事办公室会计财务等工作,法院司法行政职位,1,本科,学士,,"金融工程(B020302),会计学(B120203),财务管理(B120204)",,否,应届毕业生,女性,清远
清远市清城区人民法院,3180002,综合办公室一级科员,31800022549003 ,从事法院信息化等工作,法院司法行政职位,1,本科,学士,,计算机类(B0809),,否,否,,清远
清远市清城区人民法院,3180002,政治部（督察室）一级科员,31800022549004 ,从事组织人事管理、队伍建设、纪检监察等工作,法院司法行政职位,1,本科,学士,,"汉语言文学(B050101),新闻学(B050301),人力资源管理(B120206)",,否,否,,清远
清远市清新区人民法院,3180003,人民法庭五级法官助理,31800032548001 ,从事审判辅助等工作,法院法官助理职位,1,本科以上,学士以上,法学(A0301),法学类(B0301),,否,否,"男性;通过法律职业资格考试;普通高等院校毕业生（非在职）, 研究生报考者本科须为法学专业且获法学学士学位",清远
清远市清新区人民法院,3180003,人民法庭五级法官助理,31800032548002 ,从事审判辅助等工作,法院法官助理职位,1,本科以上,学士以上,法学(A0301),法学类(B0301),,否,否,"女性;通过法律职业资格考试;普通高等院校毕业生（非在职）, 研究生报考者本科须为法学专业且获法学学士学位",清远
清远市清新区人民法院,3180003,审判庭五级法官助理,31800032548003 ,从事审判辅助等工作,法院法官助理职位,2,本科以上,学士以上,法学(A0301),法学类(B0301),,否,应届毕业生,"男性;通过法律职业资格考试;普通高等院校毕业生（非在职）, 研究生报考者本科须为法学专业且获法学学士学位",清远
清远市清新区人民法院,3180003,审判庭五级法官助理,31800032548004 ,从事审判辅助等工作,法院法官助理职位,2,本科以上,学士以上,法学(A0301),法学类(B0301),,否,应届毕业生,"女性;通过法律职业资格考试;普通高等院校毕业生（非在职）, 研究生报考者本科须为法学专业且获法学学士学位",清远
清远市清新区人民法院,3180003,民事审判庭五级法官助理,31800032548005 ,从事审判辅助等工作,法院法官助理职位,1,研究生,硕士,法学(A0301),,,否,否,"男性;通过法律职业资格考试;普通高等院校毕业生（非在职）, 本科须为法学专业且获法学学士学位",清远
清远市清新区人民法院,3180003,民事审判庭五级法官助理,31800032548006 ,从事审判辅助等工作,法院法官助理职位,1,研究生,硕士,法学(A0301),,,否,否,"女性;通过法律职业资格考试;普通高等院校毕业生（非在职）, 本科须为法学专业且获法学学士学位",清远
清远市清新区人民法院,3180003,行政审判庭五级法官助理,31800032548007 ,从事审判辅助等工作,法院法官助理职位,1,研究生,硕士,法学(A0301),,,否,否,"通过法律职业资格考试;普通高等院校毕业生（非在职）, 本科须为法学专业且获法学学士学位",清远
清远市英德市人民法院,3180004,民事审判庭五级法官助理,31800042548001 ,从事审判、执行辅助等工作,法院法官助理职位,2,本科以上,学士以上,06法律类,06法律类,,否,否,"男性;通过法律职业资格考试;普通高等院校毕业生（非在职）, 研究生报考者本科须为法学专业且获法学学士学位",清远
清远市英德市人民法院,3180004,民事审判庭五级法官助理,31800042548002 ,从事审判、执行辅助等工作,法院法官助理职位,2,本科以上,学士以上,06法律类,06法律类,,否,否,"女性;通过法律职业资格考试;普通高等院校毕业生（非在职）, 研究生报考者本科须为法学专业且获法学学士学位",清远
清远市英德市人民法院,3180004,人民法庭五级法官助理,31800042548003 ,从事审判、执行辅助等工作,法院法官助理职位,1,本科以上,学士以上,06法律类,06法律类,,否,应届毕业生,"男性;通过法律职业资格考试;普通高等院校毕业生（非在职）, 研究生报考者本科须为法学专业且获法学学士学位",清远
清远市英德市人民法院,3180004,人民法庭五级法官助理,31800042548004 ,从事审判、执行辅助等工作,法院法官助理职位,1,本科以上,学士以上,06法律类,06法律类,,否,应届毕业生,"女性;通过法律职业资格考试;普通高等院校毕业生（非在职）, 研究生报考者本科须为法学专业且获法学学士学位",清远
清远市英德市人民法院,3180004,审判管理办公室（研究室）一级科员,31800042549001 ,从事信息调研、宣传以及综合材料撰写等工作,法院司法行政职位,1,本科以上,学士以上,08中文传播类,08中文传播类,,否,应届毕业生,,清远
清远市连州市人民法院,3180005,刑事审判庭四级法官助理,31800052548001 ,从事审判辅助等工作,法院法官助理职位,1,研究生,硕士,"刑法学(A030104),诉讼法学(A030106)",,,否,否,"通过法律职业资格考试;普通高等院校毕业生（非在职）, 本科须为法学专业且获法学学士学位",清远
清远市连州市人民法院,3180005,民事审判庭五级法官助理,31800052548002 ,从事审判辅助等工作,法院法官助理职位,1,本科,学士,,法学类(B0301),,否,应届毕业生,通过法律职业资格考试，未通过的录用后需在录用单位工作满5年;普通高等院校毕业生（非在职）,清远
清远市连州市人民法院,3180005,民事审判庭五级法官助理,31800052548003 ,从事审判辅助等工作,法院法官助理职位,1,本科,学士,,法学类(B0301),,否,应届毕业生,男性;通过法律职业资格考试，未通过的录用后需在录用单位工作满5年;普通高等院校毕业生（非在职）,清远
清远市连州市人民法院,3180005,民事审判庭五级法官助理,31800052548004 ,从事审判辅助等工作,法院法官助理职位,1,本科,学士,,法学类(B0301),,否,应届毕业生,女性;通过法律职业资格考试，未通过的录用后需在录用单位工作满5年;普通高等院校毕业生（非在职）,清远
清远市连州市人民法院,3180005,综合办公室（司法警察大队）一级警员,31800052550001 ,从事法院司法警察工作,法院司法警察职位,1,本科,学士,,"公安学类(B0306),体育学类(B0402)",,否,否,男性,清远
清远市连州市人民法院,3180005,综合办公室（司法警察大队）一级警员,31800052550002 ,从事法院司法警察工作,法院司法警察职位,1,本科,学士,,"法学类(B0301),体育学类(B0402)",,否,否,女性,清远
清远市佛冈县人民法院,3180006,刑事审判庭五级法官助理,31800062548001 ,从事审判辅助等工作,法院法官助理职位,1,本科以上,学士以上,06法律类,06法律类,,否,应届毕业生,"男性;通过法律职业资格考试;普通高等院校毕业生（非在职）, 研究生报考者本科须为法学专业且获法学学士学位",清远
清远市佛冈县人民法院,3180006,刑事审判庭五级法官助理,31800062548002 ,从事审判辅助等工作,法院法官助理职位,1,本科以上,学士以上,06法律类,06法律类,,否,应届毕业生,"女性;通过法律职业资格考试;普通高等院校毕业生（非在职）, 研究生报考者本科须为法学专业且获法学学士学位",清远
清远市佛冈县人民法院,3180006,综合办公室（司法警察大队）一级科员,31800062549001 ,从事计算机硬、软件维护和网络管理等工作,法院司法行政职位,1,本科以上,学士以上,计算机科学与技术(A0812),计算机类(B0809),,否,否,,清远
清远市佛冈县人民法院,3180006,政治部（督察室）一级科员,31800062549002 ,从事党建、组织人事、纪检监察等工作,法院司法行政职位,1,本科以上,学士以上,"新闻学(A050301),企业管理（含：财务管理、市场营销、人力资源管理）(A120202),行政管理(A120401)","新闻学(B050301),人力资源管理(B120206),行政管理(B120402)",,否,否,,清远
清远市阳山县人民法院,3180007,政治部（督察室）一级科员,31800072549001 ,从事党的建设、档案管理及保密等相关工作,法院司法行政职位,1,本科以上,学士以上,中国语言文学(A0501),中国语言文学类(B0501),,否,否,,清远
清远市阳山县人民法院,3180007,综合办公室（司法警察大队）一级警员,31800072550001 ,从事司法警察相关工作,法院司法警察职位,1,本科以上,学士以上,"法学(A0301),公安学(A0306)","法学类(B0301),公安学类(B0306)",,否,否,男性,清远
清远市连山县人民法院,3180008,综合审判庭五级法官助理,31800082548001 ,从事审判辅助等工作,法院法官助理职位,1,本科以上,学士以上,法学(A0301),法学类(B0301),,否,否,"男性;通过法律职业资格考试;普通高等院校毕业生（非在职）, 研究生报考者本科须为法学专业且获法学学士学位",清远
清远市连山县人民法院,3180008,综合审判庭五级法官助理,31800082548002 ,从事审判辅助等工作,法院法官助理职位,1,本科以上,学士以上,法学(A0301),法学类(B0301),,否,否,"女性;通过法律职业资格考试;普通高等院校毕业生（非在职）, 研究生报考者本科须为法学专业且获法学学士学位",清远
清远市连山县人民法院,3180008,综合审判庭五级法官助理,31800082548003 ,从事审判辅助等工作,法院法官助理职位,1,本科以上,学士以上,法学(A0301),法学类(B0301),,否,否,"通过法律职业资格考试;普通高等院校毕业生（非在职）, 研究生报考者本科须为法学专业且获法学学士学位;壮族或瑶族;录用后需在录用单位工作满5年",清远
清远市连山县人民法院,3180008,综合办公室（司法警察大队）一级警员,31800082550001 ,从事司法警察相关工作,法院司法警察职位,1,本科以上,学士以上,"公安学(A0306),体育学(A0403)","公安学类(B0306),体育学类(B0402)",,否,否,男性,清远
连南瑶族自治县人民法院,3180009,立案庭（诉讼服务中心）五级法官助理,31800092548001 ,从事审判辅助工作,法院法官助理职位,1,本科以上,学士以上,法学(A0301),法学类(B0301),,否,2025届高校毕业生,"女性;通过法律职业资格考试，未通过的录用后需在录用单位工作满5年;普通高等院校毕业生（非在职）, 研究生报考者本科须为法学专业且获法学学士学位",清远
连南瑶族自治县人民法院,3180009,立案庭（诉讼服务中心）五级法官助理,31800092548002 ,从事审判辅助工作,法院法官助理职位,1,本科以上,学士以上,法学(A0301),法学类(B0301),,否,2025届高校毕业生,"男性;通过法律职业资格考试，未通过的录用后需在录用单位工作满5年;普通高等院校毕业生（非在职）, 研究生报考者本科须为法学专业且获法学学士学位",清远
连南瑶族自治县人民法院,3180009,执行局五级法官助理,31800092548003 ,从事审判辅助工作,法院法官助理职位,1,本科以上,学士以上,法学(A0301),法学类(B0301),,否,否,"女性;通过法律职业资格考试;普通高等院校毕业生（非在职）, 研究生报考者本科须为法学专业且获法学学士学位",清远
连南瑶族自治县人民法院,3180009,执行局五级法官助理,31800092548004 ,从事审判辅助工作,法院法官助理职位,1,本科以上,学士以上,法学(A0301),法学类(B0301),,否,否,"男性;通过法律职业资格考试;普通高等院校毕业生（非在职）, 研究生报考者本科须为法学专业且获法学学士学位",清远
连南瑶族自治县人民法院,3180009,综合办公室（司法警察大队）一级科员,31800092549001 ,从事信息调研、宣传以及综合材料撰写等工作,法院司法行政职位,1,本科以上,学士以上,"中国语言文学(A0501),新闻传播学(A0503)","中国语言文学类(B0501),新闻传播学类(B0503)",,否,否,,清远
潮州市中级人民法院,3190001,内设机构五级法官助理,31900012548001 ,从事审判辅助等相关工作,法院法官助理职位,1,本科,学士,,06法律类,,否,否,男性;通过法律职业资格考试;普通高等院校毕业生（非在职）,潮州
潮州市中级人民法院,3190001,内设机构五级法官助理,31900012548002 ,从事审判辅助等相关工作,法院法官助理职位,1,本科,学士,,06法律类,,否,否,女性;通过法律职业资格考试;普通高等院校毕业生（非在职）,潮州
潮州市中级人民法院,3190001,内设机构一级科员,31900012549001 ,从事法医、司法鉴定等工作,法院司法行政职位,1,本科,学士,,法医学类(B1002),,否,否,,潮州
潮州市中级人民法院,3190001,内设机构四级警长,31900012550001 ,从事警队工作管理、安全保卫等工作,法院司法警察职位,1,研究生,硕士,"法学(A0301),公安学(A0306)",,,否,否,男性,潮州
饶平县人民法院,3190002,人民法庭五级法官助理,31900022548001 ,从事审判辅助工作,法院法官助理职位,2,本科,学士,,06法律类,,否,否,男性;通过法律职业资格考试;普通高等院校毕业生（非在职）,潮州
饶平县人民法院,3190002,人民法庭五级法官助理,31900022548002 ,从事审判辅助工作,法院法官助理职位,2,本科,学士,,06法律类,,否,否,女性;通过法律职业资格考试;普通高等院校毕业生（非在职）,潮州
潮州市潮安区人民法院,3190003,内设机构五级法官助理,31900032548001 ,从事审判辅助工作,法院法官助理职位,2,本科,学士,,06法律类,,否,否,通过法律职业资格考试;普通高等院校毕业生（非在职）,潮州
潮州市湘桥区人民法院,3190004,内设机构五级法官助理,31900042548001 ,从事审判辅助工作,法院法官助理职位,1,本科,学士,,06法律类,,否,否,通过法律职业资格考试;普通高等院校毕业生（非在职）,潮州
潮州市湘桥区人民法院,3190004,内设机构一级警员,31900042550001 ,从事押解、法庭安全保卫等工作,法院司法警察职位,1,本科,学士,,"法学类(B0301),公安学类(B0306)",,否,否,男性,潮州
揭阳市中级人民法院,3200001,审判业务庭二级法官助理以下,32000012548001 ,从事审判辅助工作,法院法官助理职位,1,研究生,硕士以上,"宪法学与行政法学(A030103),民商法学（含：劳动法学、社会保障法学）(A030105)",,,否,否,通过法律职业资格考试;普通高等院校毕业生（非在职）,揭阳
揭阳市榕城区人民法院,3200002,审判业务庭四级法官助理以下,32000022548001 ,从事审判辅助工作,法院法官助理职位,1,本科以上,学士以上,法学(A0301),"法学(B030101),知识产权(B030102)",,否,否,男性;通过法律职业资格考试;普通高等院校毕业生（非在职）,揭阳
揭阳市榕城区人民法院,3200002,审判业务庭四级法官助理以下,32000022548002 ,从事审判辅助工作,法院法官助理职位,1,本科以上,学士以上,法学(A0301),"法学(B030101),知识产权(B030102)",,否,否,女性;通过法律职业资格考试;普通高等院校毕业生（非在职）,揭阳
揭阳市榕城区人民法院,3200002,综合办公室四级主任科员以下,32000022549001 ,从事综合材料写作及其他司法行政类工作,法院司法行政职位,1,本科以上,学士以上,法学(A0301),"法学(B030101),知识产权(B030102)",,否,否,男性,揭阳
揭阳市榕城区人民法院,3200002,综合办公室四级主任科员以下,32000022549002 ,从事综合材料写作及其他司法行政类工作,法院司法行政职位,1,本科以上,学士以上,法学(A0301),"法学(B030101),知识产权(B030102)",,否,否,女性,揭阳
揭阳市揭东区人民法院,3200003,审判业务庭五级法官助理,32000032548001 ,从事审判辅助工作,法院法官助理职位,1,本科以上,学士以上,法学(A0301),法学(B030101),,否,否,男性;通过法律职业资格考试;普通高等院校毕业生（非在职）,揭阳
揭阳市揭东区人民法院,3200003,审判业务庭五级法官助理,32000032548002 ,从事审判辅助工作,法院法官助理职位,1,本科以上,学士以上,法学(A0301),法学(B030101),,否,否,女性;通过法律职业资格考试;普通高等院校毕业生（非在职）,揭阳
揭阳市揭东区人民法院,3200003,综合办公室（司法警察大队）一级科员,32000032549001 ,从事网络安全和信息管理、政府采购等工作,法院司法行政职位,1,本科,学士,,"计算机科学与技术(B080901),软件工程(B080902)",,否,否,,揭阳
普宁市人民法院,3200004,审判业务庭四级法官助理以下,32000042548001 ,从事审判辅助工作,法院法官助理职位,2,本科以上,学士以上,法学(A0301),法学(B030101),,否,否,男性;通过法律职业资格考试，未通过的录用后需在录用单位工作满5年;普通高等院校毕业生（非在职）,揭阳
普宁市人民法院,3200004,审判业务庭四级法官助理以下,32000042548002 ,从事审判辅助工作,法院法官助理职位,2,本科以上,学士以上,法学(A0301),法学(B030101),,否,否,女性;通过法律职业资格考试，未通过的录用后需在录用单位工作满5年;普通高等院校毕业生（非在职）,揭阳
普宁市人民法院,3200004,政治部四级主任科员以下,32000042549001 ,从事督察、材料撰写、党建等工作,法院司法行政职位,1,本科以上,学士以上,法学(A0301),法学(B030101),,否,否,男性;中共党员,揭阳
普宁市人民法院,3200004,政治部四级主任科员以下,32000042549002 ,从事督察、材料撰写、党建等工作,法院司法行政职位,1,本科以上,学士以上,法学(A0301),法学(B030101),,否,否,女性;中共党员,揭阳
揭西县人民法院,3200005,审判业务庭四级法官助理以下,32000052548001 ,从事刑事、民商事审判、执行辅助工作,法院法官助理职位,2,本科以上,学士以上,法学(A0301),法学(B030101),,否,否,通过法律职业资格考试，未通过的录用后需在录用单位工作满5年;普通高等院校毕业生（非在职）,揭阳
惠来县人民法院,3200006,人民法庭四级法官助理以下,32000062548001 ,从事审判辅助工作,法院法官助理职位,1,本科以上,学士以上,法学(A0301),法学类(B0301),,否,否,男性;通过法律职业资格考试;普通高等院校毕业生（非在职）,揭阳
惠来县人民法院,3200006,人民法庭四级法官助理以下,32000062548002 ,从事审判辅助工作,法院法官助理职位,1,本科以上,学士以上,法学(A0301),法学类(B0301),,否,否,女性;通过法律职业资格考试;普通高等院校毕业生（非在职）,揭阳
惠来县人民法院,3200006,人民法庭四级法官助理以下,32000062548003 ,从事审判辅助工作,法院法官助理职位,1,本科以上,学士以上,法学(A0301),法学类(B0301),,否,否,通过法律职业资格考试;普通高等院校毕业生（非在职）,揭阳
惠来县人民法院,3200006,审判业务庭四级法官助理以下,32000062548004 ,从事审判辅助工作,法院法官助理职位,3,本科以上,学士以上,法学(A0301),法学类(B0301),,否,否,男性;通过法律职业资格考试;普通高等院校毕业生（非在职）,揭阳
惠来县人民法院,3200006,审判业务庭四级法官助理以下,32000062548005 ,从事审判辅助工作,法院法官助理职位,3,本科以上,学士以上,法学(A0301),法学类(B0301),,否,否,女性;通过法律职业资格考试;普通高等院校毕业生（非在职）,揭阳
惠来县人民法院,3200006,审判业务庭四级法官助理以下,32000062548006 ,从事审判辅助工作,法院法官助理职位,1,本科以上,学士以上,法学(A0301),法学类(B0301),,否,否,通过法律职业资格考试;普通高等院校毕业生（非在职）,揭阳
惠来县人民法院,3200006,政治部四级主任科员以下,32000062549001 ,从事人事、党建、监督工作,法院司法行政职位,1,本科以上,学士以上,法学(A0301),法学类(B0301),,否,否,男性;中共党员,揭阳
惠来县人民法院,3200006,政治部四级主任科员以下,32000062549002 ,从事人事、党建、监督工作,法院司法行政职位,1,本科以上,学士以上,法学(A0301),法学类(B0301),,否,否,女性;中共党员,揭阳
云浮市云城区人民法院,3210002,审判业务部门五级法官助理,32100022548001 ,从事审判执行辅助工作,法院法官助理职位,1,本科以上,学士以上,法学(A0301),法学类(B0301),,否,否,通过法律职业资格考试;普通高等院校毕业生（非在职）,云浮
云浮市云城区人民法院,3210002,综合办公室（司法警察大队）一级科员,32100022549001 ,从事财务会计等工作,法院司法行政职位,1,本科以上,学士以上,"审计硕士（专业硕士）(A020218),会计学(A120201),企业管理（含：财务管理、市场营销、人力资源管理）(A120202),会计硕士（专业硕士）(A120206)","会计学(B120203),财务管理(B120204),审计学(B120207)",,否,应届毕业生,企业管理（限：财务管理）（A120202）,云浮
罗定市人民法院,3210003,审判业务部门四级法官助理以下,32100032548001 ,从事审判执行辅助工作,法院法官助理职位,2,本科以上,学士以上,法学(A0301),法学类(B0301),,否,否,男性;通过法律职业资格考试;普通高等院校毕业生（非在职）,云浮
罗定市人民法院,3210003,审判业务部门四级法官助理以下,32100032548002 ,从事审判执行辅助工作,法院法官助理职位,2,本科以上,学士以上,法学(A0301),法学类(B0301),,否,否,女性;通过法律职业资格考试;普通高等院校毕业生（非在职）,云浮
云浮市新兴县人民法院,3210004,审判业务部门四级法官助理以下,32100042548001 ,从事审判执行辅助工作,法院法官助理职位,1,本科以上,学士以上,06法律类,06法律类,,否,否,通过法律职业资格考试;普通高等院校毕业生（非在职）,云浮
郁南县人民法院,3210005,审判业务部门四级法官助理以下,32100052548001 ,从事审判辅助工作,法院法官助理职位,1,本科以上,学士以上,法学(A0301),法学类(B0301),,否,否,通过法律职业资格考试;普通高等院校毕业生（非在职）,云浮
郁南县人民法院,3210005,政治部（督察室）四级主任科员以下,32100052549001 ,从事党务、组织人事、文字综合等工作,法院司法行政职位,1,本科以上,学士以上,"哲学(A01),法学(A0301),新闻传播学(A0503)","哲学(B01),法学类(B0301),新闻传播学类(B0503)",,否,应届毕业生,中共党员,云浮
云浮市云安区人民法院,3210006,综合办公室（司法警察大队）一级科员,32100062549001 ,从事财务会计等工作,法院司法行政职位,1,本科以上,学士以上,"审计硕士（专业硕士）(A020218),会计学(A120201),企业管理（含：财务管理、市场营销、人力资源管理）(A120202),会计硕士（专业硕士）(A120206)","会计学(B120203),财务管理(B120204),审计学(B120207)",,否,否,企业管理（限：财务管理）（A120202）,云浮
