广东省各级人民检察院2025年考试录用公务员职位表,,,,,,,,,,,,,,,
招考单位,单位代码,招考职位,职位代码,职位简介,职位类型,录用人数,学历,学位,"研究生专业
名称及代码","本科专业
名称及代码","大专专业
名称及代码",是否要求2年以上基层工作经历,是否限应届毕业生报考,其他要求,考区
广东省人民检察院,4990001,横琴粤澳深度合作区人民检察院五级检察官助理,49900012551001 ,从事检察业务辅助工作,检察院检察官助理职位,1,本科,学士,,法学类(B0301),,否,否,通过法律职业资格考试;普通高等院校毕业生（非在职）,珠海
广东省第一地区人民检察院,4990003,办公室（司法警察大队）二级主任科员以下,49900032552001 ,从事文稿写作、宣传等工作,检察院司法行政职位,1,研究生,硕士以上,"语言学及应用语言学(A050102),汉语言文字学(A050103),新闻学(A050301)",,,否,应届毕业生,,广州
广州市人民检察院,4010001,检察业务部门二级检察官助理以下,40100012551001 ,从事检察业务辅助工作,检察院检察官助理职位,2,研究生,硕士以上,"刑法学(A030104),诉讼法学(A030106)",,,否,应届毕业生,男性;通过法律职业资格考试;普通高等院校毕业生（非在职）,广州
广州市人民检察院,4010001,检察业务部门二级检察官助理以下,40100012551002 ,从事检察业务辅助工作,检察院检察官助理职位,2,研究生,硕士以上,"刑法学(A030104),诉讼法学(A030106)",,,否,应届毕业生,女性;通过法律职业资格考试;普通高等院校毕业生（非在职）,广州
广州市人民检察院,4010001,检察业务部门二级检察官助理以下,40100012551003 ,从事检察业务辅助工作,检察院检察官助理职位,1,研究生,硕士以上,"刑法学(A030104),诉讼法学(A030106)",,,否,应届毕业生,"男性;通过法律职业资格考试;普通高等院校毕业生（非在职）, 本科须为法学专业且获法学学士学位",广州
广州市人民检察院,4010001,检察业务部门二级检察官助理以下,40100012551004 ,从事检察业务辅助工作,检察院检察官助理职位,1,研究生,硕士以上,"刑法学(A030104),诉讼法学(A030106)",,,否,应届毕业生,"女性;通过法律职业资格考试;普通高等院校毕业生（非在职）, 本科须为法学专业且获法学学士学位",广州
广州市人民检察院,4010001,检察业务部门二级检察官助理以下,40100012551005 ,从事检察业务辅助工作,检察院检察官助理职位,1,研究生,硕士以上,"民商法学（含：劳动法学、社会保障法学）(A030105),环境与资源保护法学(A030108)",,,否,应届毕业生,男性;通过法律职业资格考试;普通高等院校毕业生（非在职）,广州
广州市人民检察院,4010001,检察业务部门二级检察官助理以下,40100012551006 ,从事检察业务辅助工作,检察院检察官助理职位,1,研究生,硕士以上,"民商法学（含：劳动法学、社会保障法学）(A030105),环境与资源保护法学(A030108)",,,否,应届毕业生,女性;通过法律职业资格考试;普通高等院校毕业生（非在职）,广州
广州市人民检察院,4010001,检察业务部门五级检察官助理,40100012551007 ,从事检察业务辅助工作,检察院检察官助理职位,1,本科,学士,,"法学(B030101),知识产权(B030102)",,否,应届毕业生,男性;通过法律职业资格考试;普通高等院校毕业生（非在职）,广州
广州市人民检察院,4010001,检察业务部门五级检察官助理,40100012551008 ,从事检察业务辅助工作,检察院检察官助理职位,1,本科,学士,,"法学(B030101),知识产权(B030102)",,否,应届毕业生,女性;通过法律职业资格考试;普通高等院校毕业生（非在职）,广州
广州市越秀区人民检察院,4010002,五级检察官助理,40100022551001 ,从事检察业务辅助工作,检察院检察官助理职位,3,本科以上,学士以上,"刑法学(A030104),诉讼法学(A030106),经济法学(A030107)","法学(B030101),知识产权(B030102)",,否,应届毕业生,"男性;通过法律职业资格考试;普通高等院校毕业生（非在职）, 研究生报考者本科须为法学专业且获法学学士学位",广州
广州市越秀区人民检察院,4010002,五级检察官助理,40100022551002 ,从事检察业务辅助工作,检察院检察官助理职位,3,本科以上,学士以上,"刑法学(A030104),诉讼法学(A030106),经济法学(A030107)","法学(B030101),知识产权(B030102)",,否,应届毕业生,"女性;通过法律职业资格考试;普通高等院校毕业生（非在职）, 研究生报考者本科须为法学专业且获法学学士学位",广州
广州市越秀区人民检察院,4010002,一级科员,40100022552001 ,从事党务、综合行政工作,检察院司法行政职位,1,本科以上,学士以上,"语言学及应用语言学(A050102),汉语言文字学(A050103),汉语国际教育硕士（专业硕士）(A050109)","汉语言文学(B050101),汉语国际教育(B050103)",,否,应届毕业生,中共党员,广州
广州市越秀区人民检察院,4010002,一级科员,40100022552002 ,从事档案管理工作,检察院司法行政职位,1,本科以上,学士以上,"图书馆学(A120501),档案学(A120503)","图书馆学(B120501),档案学(B120502)",,否,应届毕业生,中共党员,广州
广州市越秀区人民检察院,4010002,一级警员,40100022553001 ,从事司法警察工作,检察院司法警察职位,2,本科,学士,,"治安学(B030601),侦查学(B030602),警卫学(B030609),公安管理学(B030612),警务指挥与战术(B030615)",,否,否,男性,广州
广州市海珠区人民检察院,4010003,检察业务部门五级检察官助理,40100032551001 ,从事辅助办案工作,检察院检察官助理职位,1,本科以上,学士以上,法学(A0301),法学类(B0301),,否,2025届高校毕业生,男性;通过法律职业资格考试;普通高等院校毕业生（非在职）,广州
广州市海珠区人民检察院,4010003,检察业务部门五级检察官助理,40100032551002 ,从事辅助办案工作,检察院检察官助理职位,1,本科以上,学士以上,法学(A0301),法学类(B0301),,否,2025届高校毕业生,女性;通过法律职业资格考试;普通高等院校毕业生（非在职）,广州
广州市海珠区人民检察院,4010003,检察业务部门五级检察官助理,40100032551003 ,从事辅助办案工作,检察院检察官助理职位,1,本科以上,学士以上,法学(A0301),法学类(B0301),,否,否,男性;通过法律职业资格考试;普通高等院校毕业生（非在职）,广州
广州市海珠区人民检察院,4010003,检察业务部门五级检察官助理,40100032551004 ,从事辅助办案工作,检察院检察官助理职位,1,本科以上,学士以上,法学(A0301),法学类(B0301),,否,否,女性;通过法律职业资格考试;普通高等院校毕业生（非在职）,广州
广州市海珠区人民检察院,4010003,司法行政部门一级科员,40100032552001 ,从事司法行政工作,检察院司法行政职位,1,本科以上,学士以上,"马克思主义基本原理(A030501),文艺学(A050101),语言学及应用语言学(A050102),新闻学(A050301),计算机科学与技术(A0812)","马克思主义理论(B030504),汉语言文学(B050101),汉语言(B050102),新闻学(B050301),计算机类(B0809)",,否,2025届高校毕业生,,广州
广州市荔湾区人民检察院,4010004,业务部门四级检察官助理,40100042551001 ,从事辅助办案工作,检察院检察官助理职位,1,研究生,硕士,"宪法学与行政法学(A030103),刑法学(A030104),民商法学（含：劳动法学、社会保障法学）(A030105),经济法学(A030107)",,,否,2025届高校毕业生,"男性;通过法律职业资格考试;普通高等院校毕业生（非在职）, 本科须为法学专业且获法学学士学位",广州
广州市荔湾区人民检察院,4010004,业务部门四级检察官助理,40100042551002 ,从事辅助办案工作,检察院检察官助理职位,1,研究生,硕士,"宪法学与行政法学(A030103),刑法学(A030104),民商法学（含：劳动法学、社会保障法学）(A030105),经济法学(A030107)",,,否,2025届高校毕业生,"女性;通过法律职业资格考试;普通高等院校毕业生（非在职）, 本科须为法学专业且获法学学士学位",广州
广州市荔湾区人民检察院,4010004,业务部门五级检察官助理,40100042551003 ,从事辅助办案工作,检察院检察官助理职位,2,本科,学士,,"法学(B030101),知识产权(B030102)",,否,2025届高校毕业生,男性;通过法律职业资格考试;普通高等院校毕业生（非在职）,广州
广州市荔湾区人民检察院,4010004,业务部门五级检察官助理,40100042551004 ,从事辅助办案工作,检察院检察官助理职位,2,本科,学士,,"法学(B030101),知识产权(B030102)",,否,2025届高校毕业生,女性;通过法律职业资格考试;普通高等院校毕业生（非在职）,广州
广州市荔湾区人民检察院,4010004,政治部一级科员,40100042552001 ,从事组织人事、党建、综合材料等工作,检察院司法行政职位,1,本科,学士,,"马克思主义理论类(B0305),汉语言文学(B050101),新闻学(B050301)",,否,2025届高校毕业生,男性;中共党员,广州
广州市荔湾区人民检察院,4010004,政治部一级科员,40100042552002 ,从事组织人事、党建、综合材料等工作,检察院司法行政职位,1,本科,学士,,"马克思主义理论类(B0305),汉语言文学(B050101),新闻学(B050301)",,否,2025届高校毕业生,女性;中共党员,广州
广州市荔湾区人民检察院,4010004,办公室（司法警察大队）一级科员,40100042552003 ,从事司法行政工作,检察院司法行政职位,1,本科,学士,,"马克思主义理论类(B0305),新闻学(B050301)",,否,2025届高校毕业生,,广州
广州市荔湾区人民检察院,4010004,办公室（司法警察大队）一级科员,40100042552004 ,从事档案管理、司法行政等工作,检察院司法行政职位,1,本科,学士,,"档案学(B120502),信息资源管理(B120503)",,否,2025届高校毕业生,中共党员,广州
广州市天河区人民检察院,4010005,四级检察官助理,40100052551001 ,从事辅助办案工作,检察院检察官助理职位,1,研究生,硕士,"刑法学(A030104),国际法学（含：国际公法、国际私法、国际经济法）(A030109)",,,否,否,通过法律职业资格考试;普通高等院校毕业生（非在职）,广州
广州市天河区人民检察院,4010005,五级检察官助理,40100052551002 ,从事辅助办案工作,检察院检察官助理职位,1,本科,学士,,"法学(B030101),知识产权(B030102)",,否,否,男性;通过法律职业资格考试;普通高等院校毕业生（非在职）,广州
广州市天河区人民检察院,4010005,五级检察官助理,40100052551003 ,从事辅助办案工作,检察院检察官助理职位,1,本科,学士,,"法学(B030101),知识产权(B030102)",,否,否,女性;通过法律职业资格考试;普通高等院校毕业生（非在职）,广州
广州市天河区人民检察院,4010005,一级科员,40100052552001 ,从事财会等相关工作,检察院司法行政职位,1,本科,学士,,"会计学(B120203),财务管理(B120204)",,否,否,,广州
广州市白云区人民检察院,4010006,检察业务部门五级检察官助理,40100062551001 ,从事辅助办案等工作,检察院检察官助理职位,1,本科以上,学士以上,"宪法学与行政法学(A030103),刑法学(A030104),民商法学（含：劳动法学、社会保障法学）(A030105),诉讼法学(A030106),经济法学(A030107)","法学(B030101),知识产权(B030102)",,否,2025届高校毕业生,"男性;通过法律职业资格考试;普通高等院校毕业生（非在职）, 研究生报考者本科须为法学专业且获法学学士学位",广州
广州市白云区人民检察院,4010006,检察业务部门五级检察官助理,40100062551002 ,从事辅助办案等工作,检察院检察官助理职位,1,本科以上,学士以上,"宪法学与行政法学(A030103),刑法学(A030104),民商法学（含：劳动法学、社会保障法学）(A030105),诉讼法学(A030106),经济法学(A030107)","法学(B030101),知识产权(B030102)",,否,2025届高校毕业生,"女性;通过法律职业资格考试;普通高等院校毕业生（非在职）, 研究生报考者本科须为法学专业且获法学学士学位",广州
广州市白云区人民检察院,4010006,检察业务部门五级检察官助理,40100062551003 ,从事辅助办案等工作,检察院检察官助理职位,1,本科以上,学士以上,"宪法学与行政法学(A030103),刑法学(A030104),民商法学（含：劳动法学、社会保障法学）(A030105),诉讼法学(A030106),经济法学(A030107)","法学(B030101),信用风险管理与法律防控(B030104),社区矫正(B030107)",,否,应届毕业生,"通过法律职业资格考试;普通高等院校毕业生（非在职）, 研究生报考者本科须为法学专业且获法学学士学位",广州
广州市白云区人民检察院,4010006,政治部一级科员,40100062552001 ,从事党建文字材料起草、综合行政工作,检察院司法行政职位,1,本科以上,学士以上,"政治学理论(A030201),汉语言文字学(A050103)","政治学与行政学(B030201),汉语言文学(B050101)",,否,否,中共党员,广州
广州市黄埔区人民检察院,4010007,检察业务部门五级检察官助理,40100072551001 ,从事辅助办案工作,检察院检察官助理职位,3,本科以上,学士以上,法学(A0301),"法学(B030101),知识产权(B030102)",,否,2025届高校毕业生,男性;通过法律职业资格考试;普通高等院校毕业生（非在职）,广州
广州市黄埔区人民检察院,4010007,检察业务部门五级检察官助理,40100072551002 ,从事辅助办案工作,检察院检察官助理职位,3,本科以上,学士以上,法学(A0301),"法学(B030101),知识产权(B030102)",,否,2025届高校毕业生,女性;通过法律职业资格考试;普通高等院校毕业生（非在职）,广州
广州市黄埔区人民检察院,4010007,办公室（司法警察大队）一级警员,40100072553001 ,从事司法警察工作,检察院司法警察职位,1,本科,学士,,"法学(B030101),司法警察学(B030106)",,否,2025届高校毕业生,男性,广州
广州市花都区人民检察院,4010008,五级检察官助理,40100082551001 ,从事检察业务辅助工作,检察院检察官助理职位,2,本科以上,学士以上,法学(A0301),法学类(B0301),,否,2025届高校毕业生,男性;通过法律职业资格考试;普通高等院校毕业生（非在职）,广州
广州市花都区人民检察院,4010008,五级检察官助理,40100082551002 ,从事检察业务辅助工作,检察院检察官助理职位,2,本科以上,学士以上,法学(A0301),法学类(B0301),,否,2025届高校毕业生,女性;通过法律职业资格考试;普通高等院校毕业生（非在职）,广州
广州市花都区人民检察院,4010008,一级警员,40100082553001 ,从事司法警察工作,检察院司法警察职位,1,本科以上,学士以上,法学(A0301),法学类(B0301),,否,应届毕业生,男性,广州
广州市番禺区人民检察院,4010009,检察业务部门五级检察官助理,40100092551001 ,从事刑事检察业务工作,检察院检察官助理职位,2,本科以上,学士以上,法学(A0301),"法学(B030101),知识产权(B030102)",,否,2025届高校毕业生,"男性;通过法律职业资格考试;普通高等院校毕业生（非在职）, 研究生报考者本科须为法学专业且获法学学士学位",广州
广州市番禺区人民检察院,4010009,检察业务部门五级检察官助理,40100092551002 ,从事刑事检察业务工作,检察院检察官助理职位,2,本科以上,学士以上,法学(A0301),"法学(B030101),知识产权(B030102)",,否,2025届高校毕业生,"女性;通过法律职业资格考试;普通高等院校毕业生（非在职）, 研究生报考者本科须为法学专业且获法学学士学位",广州
广州市番禺区人民检察院,4010009,检察业务部门五级检察官助理,40100092551003 ,从事民事行政检察或公益诉讼检察业务工作,检察院检察官助理职位,1,本科以上,学士以上,法学(A0301),法学(B030101),,否,否,"通过法律职业资格考试;普通高等院校毕业生（非在职）, 研究生报考者本科须为法学专业且获法学学士学位",广州
广州市南沙区人民检察院 （广东自由贸易区南沙片区人民检察院）,4010010,检察业务部门五级检察官助理,40100102551001 ,从事检察业务辅助工作,检察院检察官助理职位,1,本科以上,学士以上,"宪法学与行政法学(A030103),民商法学（含：劳动法学、社会保障法学）(A030105),经济法学(A030107),国际法学（含：国际公法、国际私法、国际经济法）(A030109)","法学(B030101),国际经贸规则(B030105)",,否,2025届高校毕业生,"男性;通过法律职业资格考试;普通高等院校毕业生（非在职）, 研究生报考者本科须为法学专业且获法学学士学位",广州
广州市南沙区人民检察院 （广东自由贸易区南沙片区人民检察院）,4010010,检察业务部门五级检察官助理,40100102551002 ,从事检察业务辅助工作,检察院检察官助理职位,1,本科以上,学士以上,"宪法学与行政法学(A030103),民商法学（含：劳动法学、社会保障法学）(A030105),经济法学(A030107),国际法学（含：国际公法、国际私法、国际经济法）(A030109)","法学(B030101),国际经贸规则(B030105)",,否,2025届高校毕业生,"女性;通过法律职业资格考试;普通高等院校毕业生（非在职）, 研究生报考者本科须为法学专业且获法学学士学位",广州
广州市从化区人民检察院,4010011,检察业务部门五级检察官助理,40100112551001 ,从事检察官助理工作,检察院检察官助理职位,2,本科以上,学士以上,"法学理论(A030101),法律史(A030102),宪法学与行政法学(A030103),刑法学(A030104),民商法学（含：劳动法学、社会保障法学）(A030105),诉讼法学(A030106),经济法学(A030107),环境与资源保护法学(A030108),国际法学（含：国际公法、国际私法、国际经济法）(A030109)","法学(B030101),知识产权(B030102),信用风险管理与法律防控(B030104),国际经贸规则(B030105)",,否,2025届高校毕业生,"男性;通过法律职业资格考试;普通高等院校毕业生（非在职）, 研究生报考者本科须为法学专业且获法学学士学位",广州
广州市从化区人民检察院,4010011,检察业务部门五级检察官助理,40100112551002 ,从事检察官助理工作,检察院检察官助理职位,2,本科以上,学士以上,"法学理论(A030101),法律史(A030102),宪法学与行政法学(A030103),刑法学(A030104),民商法学（含：劳动法学、社会保障法学）(A030105),诉讼法学(A030106),经济法学(A030107),环境与资源保护法学(A030108),国际法学（含：国际公法、国际私法、国际经济法）(A030109)","法学(B030101),知识产权(B030102),信用风险管理与法律防控(B030104),国际经贸规则(B030105)",,否,2025届高校毕业生,"女性;通过法律职业资格考试;普通高等院校毕业生（非在职）, 研究生报考者本科须为法学专业且获法学学士学位",广州
广州市从化区人民检察院,4010011,司法警察一级警员,40100112553001 ,从事司法警察工作,检察院司法警察职位,1,本科,学士,,"法学(B030101),侦查学(B030602),犯罪学(B030611)",,否,否,男性,广州
广州市增城区人民检察院,4010012,检察业务部门五级检察官助理,40100122551001 ,从事检察业务辅助工作,检察院检察官助理职位,2,本科以上,学士以上,法学(A0301),法学类(B0301),,否,应届毕业生,"男性;通过法律职业资格考试;普通高等院校毕业生（非在职）, 研究生报考者本科须为法学专业且获法学学士学位",广州
广州市增城区人民检察院,4010012,检察业务部门五级检察官助理,40100122551002 ,从事检察业务辅助工作,检察院检察官助理职位,2,本科以上,学士以上,法学(A0301),法学类(B0301),,否,应届毕业生,"女性;通过法律职业资格考试;普通高等院校毕业生（非在职）, 研究生报考者本科须为法学专业且获法学学士学位",广州
广州市增城区人民检察院,4010012,检察业务部门五级检察官助理,40100122551003 ,从事检察业务辅助工作,检察院检察官助理职位,1,本科以上,学士以上,法学(A0301),法学类(B0301),,否,应届毕业生,"通过法律职业资格考试;普通高等院校毕业生（非在职）, 研究生报考者本科须为法学专业且获法学学士学位",广州
广州市增城区人民检察院,4010012,司法警察部门二级警长以下,40100122553001 ,从事司法警察工作,检察院司法警察职位,1,本科以上,学士以上,法学(A0301),法学类(B0301),,否,应届毕业生,男性,广州
深圳市人民检察院,4020001,司法行政部门二级警长以下,40200012553001 ,从事司法警察工作,检察院司法警察职位,1,本科以上,学士以上,法学(A0301),"法学(B030101),纪检监察(B030108)",,否,应届毕业生,女性,深圳
深圳市福田区人民检察院,4020002,检察业务部门五级检察官助理,40200022551001 ,从事检察相关业务工作,检察院检察官助理职位,3,本科以上,学士以上,法学(A0301),法学类(B0301),,否,2025届高校毕业生,男性;通过法律职业资格考试;普通高等院校毕业生（非在职）,深圳
深圳市福田区人民检察院,4020002,检察业务部门五级检察官助理,40200022551002 ,从事检察相关业务工作,检察院检察官助理职位,3,本科以上,学士以上,法学(A0301),法学类(B0301),,否,2025届高校毕业生,女性;通过法律职业资格考试;普通高等院校毕业生（非在职）,深圳
深圳市福田区人民检察院,4020002,司法行政部门一级科员,40200022552001 ,从事检察技术保障工作,检察院司法行政职位,1,本科以上,学士以上,计算机科学与技术(A0812),计算机类(B0809),,否,应届毕业生,,深圳
深圳市福田区人民检察院,4020002,司法行政部门一级科员,40200022552002 ,从事组织人事、综合文稿、党务等综合行政工作,检察院司法行政职位,1,本科以上,学士以上,"政治学(A0302),中国语言文学(A0501)","政治学与行政学(B030201),汉语言文学(B050101)",,否,应届毕业生,男性;中共党员,深圳
深圳市福田区人民检察院,4020002,司法行政部门一级科员,40200022552003 ,从事组织人事、综合文稿、党务等综合行政工作,检察院司法行政职位,1,本科以上,学士以上,"政治学(A0302),中国语言文学(A0501)","政治学与行政学(B030201),汉语言文学(B050101)",,否,应届毕业生,女性;中共党员,深圳
深圳市罗湖区人民检察院,4020003,检察业务部门五级检察官助理,40200032551001 ,从事检察相关业务工作,检察院检察官助理职位,2,本科以上,学士以上,法学(A0301),法学类(B0301),,否,2025届高校毕业生,"男性;通过法律职业资格考试;普通高等院校毕业生（非在职）, 研究生报考者本科须为法学专业且获法学学士学位",深圳
深圳市罗湖区人民检察院,4020003,检察业务部门五级检察官助理,40200032551002 ,从事检察相关业务工作,检察院检察官助理职位,2,本科以上,学士以上,法学(A0301),法学类(B0301),,否,2025届高校毕业生,"女性;通过法律职业资格考试;普通高等院校毕业生（非在职）, 研究生报考者本科须为法学专业且获法学学士学位",深圳
深圳市罗湖区人民检察院,4020003,司法行政部门一级科员,40200032552001 ,从事财务相关工作,检察院司法行政职位,1,本科以上,学士以上,"审计硕士（专业硕士）(A020218),会计学(A120201),企业管理（含：财务管理、市场营销、人力资源管理）(A120202),会计硕士（专业硕士）(A120206)","会计学(B120203),财务管理(B120204),审计学(B120207)",,否,否,企业管理（限：财务管理）（A120202）,深圳
深圳市宝安区人民检察院,4020006,检察业务部门五级检察官助理,40200062551001 ,从事检察相关业务工作,检察院检察官助理职位,2,本科以上,学士以上,法学(A0301),法学类(B0301),,否,2025届高校毕业生,"男性;通过法律职业资格考试;普通高等院校毕业生（非在职）, 研究生报考者本科须为法学专业且获法学学士学位",深圳
深圳市宝安区人民检察院,4020006,检察业务部门五级检察官助理,40200062551002 ,从事检察相关业务工作,检察院检察官助理职位,2,本科以上,学士以上,法学(A0301),法学类(B0301),,否,应届毕业生,"男性;通过法律职业资格考试;普通高等院校毕业生（非在职）, 研究生报考者本科须为法学专业且获法学学士学位",深圳
深圳市宝安区人民检察院,4020006,检察业务部门五级检察官助理,40200062551003 ,从事检察相关业务工作,检察院检察官助理职位,2,本科以上,学士以上,法学(A0301),法学类(B0301),,否,2025届高校毕业生,"女性;通过法律职业资格考试;普通高等院校毕业生（非在职）, 研究生报考者本科须为法学专业且获法学学士学位",深圳
深圳市宝安区人民检察院,4020006,检察业务部门五级检察官助理,40200062551004 ,从事检察相关业务工作,检察院检察官助理职位,2,本科以上,学士以上,法学(A0301),法学类(B0301),,否,应届毕业生,"女性;通过法律职业资格考试;普通高等院校毕业生（非在职）, 研究生报考者本科须为法学专业且获法学学士学位",深圳
深圳市宝安区人民检察院,4020006,司法行政部门一级科员,40200062552001 ,从事财务相关工作,检察院司法行政职位,1,本科以上,学士以上,"会计学(A120201),企业管理（含：财务管理、市场营销、人力资源管理）(A120202),会计硕士（专业硕士）(A120206)","会计学(B120203),财务管理(B120204)",,否,否,企业管理（限：财务管理）（A120202）,深圳
深圳市宝安区人民检察院,4020006,司法行政部门一级科员,40200062552002 ,从事法医鉴定等工作,检察院司法行政职位,1,本科以上,学士以上,法医学(A100105),法医学类(B1002),,否,否,,深圳
深圳市宝安区人民检察院,4020006,司法行政部门一级警员,40200062553001 ,从事司法警察工作,检察院司法警察职位,1,本科以上,学士以上,法学(A0301),法学类(B0301),,否,2025届高校毕业生,男性,深圳
深圳前海蛇口自贸区人民检察院,4020008,检察业务部门二级检察官助理以下,40200082551001 ,从事检察相关业务工作,检察院检察官助理职位,1,研究生,硕士以上,"刑法学(A030104),民商法学（含：劳动法学、社会保障法学）(A030105),诉讼法学(A030106),环境与资源保护法学(A030108),国际法学（含：国际公法、国际私法、国际经济法）(A030109)",,,否,2025届高校毕业生,男性;通过法律职业资格考试;普通高等院校毕业生（非在职）,深圳
深圳前海蛇口自贸区人民检察院,4020008,检察业务部门二级检察官助理以下,40200082551002 ,从事检察相关业务工作,检察院检察官助理职位,1,研究生,硕士以上,"刑法学(A030104),民商法学（含：劳动法学、社会保障法学）(A030105),诉讼法学(A030106),环境与资源保护法学(A030108),国际法学（含：国际公法、国际私法、国际经济法）(A030109)",,,否,2025届高校毕业生,女性;通过法律职业资格考试;普通高等院校毕业生（非在职）,深圳
深圳前海蛇口自贸区人民检察院,4020008,司法行政部门二级主任科员以下,40200082552001 ,从事检察技术保障工作,检察院司法行政职位,1,研究生,硕士以上,"信息与通信工程(A0810),计算机科学与技术(A0812)",,,否,否,,深圳
深圳前海蛇口自贸区人民检察院,4020008,司法行政部门二级警长以下,40200082553001 ,从事司法警察工作,检察院司法警察职位,1,本科以上,学士以上,"法学(A0301),公安学(A0306)","法学类(B0301),公安学类(B0306)",,否,否,男性,深圳
深圳市坪山区人民检察院,4020009,检察业务部门五级检察官助理,40200092551001 ,从事检察相关业务工作,检察院检察官助理职位,2,本科以上,学士以上,"刑法学(A030104),法律（法学）(A030112)","法学(B030101),知识产权(B030102)",,否,应届毕业生,"通过法律职业资格考试;普通高等院校毕业生（非在职）, 研究生报考者本科须为法学专业且获法学学士学位",深圳
深圳市坪山区人民检察院,4020009,检察业务部门四级检察官助理,40200092551002 ,从事检察相关业务工作,检察院检察官助理职位,1,研究生,硕士以上,"宪法学与行政法学(A030103),刑法学(A030104),法律（法学）(A030112)",,,否,应届毕业生,"男性;通过法律职业资格考试;普通高等院校毕业生（非在职）, 本科须为法学专业且获法学学士学位",深圳
深圳市坪山区人民检察院,4020009,检察业务部门四级检察官助理,40200092551003 ,从事检察相关业务工作,检察院检察官助理职位,1,研究生,硕士以上,"宪法学与行政法学(A030103),刑法学(A030104),法律（法学）(A030112)",,,否,应届毕业生,"女性;通过法律职业资格考试;普通高等院校毕业生（非在职）, 本科须为法学专业且获法学学士学位",深圳
深圳市坪山区人民检察院,4020009,司法行政部门一级警员,40200092553001 ,从事司法警察工作,检察院司法警察职位,1,本科以上,学士以上,公安学(A0306),"侦查学(B030602),经济犯罪侦查(B030606)",,否,否,男性,深圳
深圳市光明区人民检察院,4020010,检察业务部门五级检察官助理,40200102551001 ,从事检察相关业务工作,检察院检察官助理职位,2,本科以上,学士以上,"法学理论(A030101),法律史(A030102),宪法学与行政法学(A030103),刑法学(A030104),民商法学（含：劳动法学、社会保障法学）(A030105),诉讼法学(A030106),经济法学(A030107),环境与资源保护法学(A030108),国际法学（含：国际公法、国际私法、国际经济法）(A030109)","法学(B030101),知识产权(B030102)",,否,2025届高校毕业生,男性;通过法律职业资格考试;普通高等院校毕业生（非在职）,深圳
深圳市光明区人民检察院,4020010,检察业务部门五级检察官助理,40200102551002 ,从事检察相关业务工作,检察院检察官助理职位,2,本科以上,学士以上,"法学理论(A030101),法律史(A030102),宪法学与行政法学(A030103),刑法学(A030104),民商法学（含：劳动法学、社会保障法学）(A030105),诉讼法学(A030106),经济法学(A030107),环境与资源保护法学(A030108),国际法学（含：国际公法、国际私法、国际经济法）(A030109)","法学(B030101),知识产权(B030102)",,否,2025届高校毕业生,女性;通过法律职业资格考试;普通高等院校毕业生（非在职）,深圳
深圳市光明区人民检察院,4020010,检察业务部门五级检察官助理,40200102551003 ,从事检察相关业务工作,检察院检察官助理职位,1,本科以上,学士以上,"法学理论(A030101),法律史(A030102),宪法学与行政法学(A030103),刑法学(A030104),民商法学（含：劳动法学、社会保障法学）(A030105),诉讼法学(A030106),经济法学(A030107),环境与资源保护法学(A030108),国际法学（含：国际公法、国际私法、国际经济法）(A030109)","法学(B030101),知识产权(B030102)",,否,否,男性;通过法律职业资格考试;普通高等院校毕业生（非在职）,深圳
深圳市光明区人民检察院,4020010,检察业务部门五级检察官助理,40200102551004 ,从事检察相关业务工作,检察院检察官助理职位,1,本科以上,学士以上,"法学理论(A030101),法律史(A030102),宪法学与行政法学(A030103),刑法学(A030104),民商法学（含：劳动法学、社会保障法学）(A030105),诉讼法学(A030106),经济法学(A030107),环境与资源保护法学(A030108),国际法学（含：国际公法、国际私法、国际经济法）(A030109)","法学(B030101),知识产权(B030102)",,否,否,女性;通过法律职业资格考试;普通高等院校毕业生（非在职）,深圳
深圳市光明区人民检察院,4020010,检察业务部门五级检察官助理,40200102551005 ,从事检察相关业务工作,检察院检察官助理职位,1,本科以上,学士以上,"法学理论(A030101),法律史(A030102),宪法学与行政法学(A030103),刑法学(A030104),民商法学（含：劳动法学、社会保障法学）(A030105),诉讼法学(A030106),经济法学(A030107),环境与资源保护法学(A030108),国际法学（含：国际公法、国际私法、国际经济法）(A030109)","法学(B030101),知识产权(B030102)",,否,否,通过法律职业资格考试;普通高等院校毕业生（非在职）,深圳
深圳市龙华区人民检察院,4020011,检察业务部门五级检察官助理,40200112551001 ,从事检察相关业务工作,检察院检察官助理职位,1,本科以上,学士以上,"法学理论(A030101),宪法学与行政法学(A030103),刑法学(A030104),民商法学（含：劳动法学、社会保障法学）(A030105),诉讼法学(A030106),经济法学(A030107),环境与资源保护法学(A030108),法律（法学）(A030112)",法学类(B0301),,否,应届毕业生,男性;通过法律职业资格考试;普通高等院校毕业生（非在职）,深圳
深圳市龙华区人民检察院,4020011,检察业务部门五级检察官助理,40200112551002 ,从事检察相关业务工作,检察院检察官助理职位,1,本科以上,学士以上,"法学理论(A030101),宪法学与行政法学(A030103),刑法学(A030104),民商法学（含：劳动法学、社会保障法学）(A030105),诉讼法学(A030106),经济法学(A030107),环境与资源保护法学(A030108),法律（法学）(A030112)",法学类(B0301),,否,应届毕业生,女性;通过法律职业资格考试;普通高等院校毕业生（非在职）,深圳
深圳市龙华区人民检察院,4020011,检察业务部门五级检察官助理,40200112551003 ,从事检察相关业务工作,检察院检察官助理职位,1,本科以上,学士以上,"法学理论(A030101),宪法学与行政法学(A030103),刑法学(A030104),民商法学（含：劳动法学、社会保障法学）(A030105),诉讼法学(A030106),经济法学(A030107),环境与资源保护法学(A030108),法律（法学）(A030112)",法学类(B0301),,否,否,男性;通过法律职业资格考试;普通高等院校毕业生（非在职）,深圳
深圳市龙华区人民检察院,4020011,检察业务部门五级检察官助理,40200112551004 ,从事检察相关业务工作,检察院检察官助理职位,1,本科以上,学士以上,"法学理论(A030101),宪法学与行政法学(A030103),刑法学(A030104),民商法学（含：劳动法学、社会保障法学）(A030105),诉讼法学(A030106),经济法学(A030107),环境与资源保护法学(A030108),法律（法学）(A030112)",法学类(B0301),,否,否,女性;通过法律职业资格考试;普通高等院校毕业生（非在职）,深圳
深圳市龙华区人民检察院,4020011,司法行政部门四级主任科员,40200112552001 ,从事综合协调、会务统筹、综合文稿起草、新闻宣传等工作,检察院司法行政职位,1,研究生,硕士以上,"马克思主义哲学(A010101),中国哲学(A010102),社会学(A030301),汉语言文字学(A050103),新闻学(A050301)",,,否,否,男性,深圳
深圳市龙华区人民检察院,4020011,司法行政部门四级主任科员,40200112552002 ,从事综合协调、会务统筹、综合文稿起草、新闻宣传等工作,检察院司法行政职位,1,研究生,硕士以上,"马克思主义哲学(A010101),中国哲学(A010102),社会学(A030301),汉语言文字学(A050103),新闻学(A050301)",,,否,否,女性,深圳
深圳深汕特别合作区人民检察院,4020012,检察业务部门五级检察官助理,40200122551001 ,从事检察相关业务工作,检察院检察官助理职位,1,本科以上,学士以上,法学(A0301),法学类(B0301),,否,否,通过法律职业资格考试;普通高等院校毕业生（非在职）,深圳
广东省珠海市人民检察院,4030001,五级检察官助理,40300012551001 ,从事检察业务辅助工作,检察院检察官助理职位,2,研究生,硕士以上,"宪法学与行政法学(A030103),刑法学(A030104),民商法学（含：劳动法学、社会保障法学）(A030105),诉讼法学(A030106),经济法学(A030107),环境与资源保护法学(A030108),国际法学（含：国际公法、国际私法、国际经济法）(A030109)",,,否,2025届高校毕业生,"男性;通过法律职业资格考试;普通高等院校毕业生（非在职）, 本科须为法学专业且获法学学士学位",珠海
广东省珠海市人民检察院,4030001,五级检察官助理,40300012551002 ,从事检察业务辅助工作,检察院检察官助理职位,2,研究生,硕士以上,"宪法学与行政法学(A030103),刑法学(A030104),民商法学（含：劳动法学、社会保障法学）(A030105),诉讼法学(A030106),经济法学(A030107),环境与资源保护法学(A030108),国际法学（含：国际公法、国际私法、国际经济法）(A030109)",,,否,2025届高校毕业生,"女性;通过法律职业资格考试;普通高等院校毕业生（非在职）, 本科须为法学专业且获法学学士学位",珠海
珠海市香洲区人民检察院,4030002,五级检察官助理,40300022551001 ,从事检察业务辅助工作,检察院检察官助理职位,2,研究生,硕士以上,"宪法学与行政法学(A030103),刑法学(A030104),民商法学（含：劳动法学、社会保障法学）(A030105),经济法学(A030107)",,,否,2025届高校毕业生,"男性;通过法律职业资格考试;普通高等院校毕业生（非在职）, 本科须为法学专业且获法学学士学位",珠海
珠海市香洲区人民检察院,4030002,五级检察官助理,40300022551002 ,从事检察业务辅助工作,检察院检察官助理职位,2,研究生,硕士以上,"宪法学与行政法学(A030103),刑法学(A030104),民商法学（含：劳动法学、社会保障法学）(A030105),经济法学(A030107)",,,否,2025届高校毕业生,"女性;通过法律职业资格考试;普通高等院校毕业生（非在职）, 本科须为法学专业且获法学学士学位",珠海
珠海市香洲区人民检察院,4030002,一级科员,40300022552001 ,从事司法行政工作,检察院司法行政职位,1,研究生,硕士以上,"计算机科学与技术(A0812),计算机技术硕士（专业硕士）(A084004)",,,否,2025届高校毕业生,,珠海
珠海市金湾区人民检察院,4030003,五级检察官助理,40300032551001 ,从事检察业务辅助工作,检察院检察官助理职位,1,本科以上,学士以上,"刑法学(A030104),诉讼法学(A030106)","法学(B030101),知识产权(B030102)",,否,否,"男性;通过法律职业资格考试;普通高等院校毕业生（非在职）, 研究生报考者本科须为法学专业且获法学学士学位",珠海
珠海市金湾区人民检察院,4030003,五级检察官助理,40300032551002 ,从事检察业务辅助工作,检察院检察官助理职位,1,本科以上,学士以上,"刑法学(A030104),诉讼法学(A030106)","法学(B030101),知识产权(B030102)",,否,否,"女性;通过法律职业资格考试;普通高等院校毕业生（非在职）, 研究生报考者本科须为法学专业且获法学学士学位",珠海
珠海市金湾区人民检察院,4030003,五级检察官助理,40300032551003 ,从事检察业务辅助工作,检察院检察官助理职位,1,本科以上,学士以上,"刑法学(A030104),诉讼法学(A030106)","法学(B030101),知识产权(B030102)",,否,2025届高校毕业生,"男性;通过法律职业资格考试;普通高等院校毕业生（非在职）, 研究生报考者本科须为法学专业且获法学学士学位",珠海
珠海市金湾区人民检察院,4030003,五级检察官助理,40300032551004 ,从事检察业务辅助工作,检察院检察官助理职位,1,本科以上,学士以上,"刑法学(A030104),诉讼法学(A030106)","法学(B030101),知识产权(B030102)",,否,2025届高校毕业生,"女性;通过法律职业资格考试;普通高等院校毕业生（非在职）, 研究生报考者本科须为法学专业且获法学学士学位",珠海
珠海市斗门区人民检察院,4030004,五级检察官助理,40300042551001 ,从事检察业务辅助工作,检察院检察官助理职位,1,研究生,硕士以上,"刑法学(A030104),民商法学（含：劳动法学、社会保障法学）(A030105),诉讼法学(A030106),经济法学(A030107)",,,否,应届毕业生,"男性;通过法律职业资格考试;普通高等院校毕业生（非在职）, 本科须为法学专业且获法学学士学位",珠海
珠海市斗门区人民检察院,4030004,五级检察官助理,40300042551002 ,从事检察业务辅助工作,检察院检察官助理职位,1,研究生,硕士以上,"刑法学(A030104),民商法学（含：劳动法学、社会保障法学）(A030105),诉讼法学(A030106),经济法学(A030107)",,,否,应届毕业生,"女性;通过法律职业资格考试;普通高等院校毕业生（非在职）, 本科须为法学专业且获法学学士学位",珠海
汕头市人民检察院,4040001,检察业务部门五级检察官助理,40400012551001 ,从事协助检察相关业务工作,检察院检察官助理职位,1,研究生,硕士以上,"刑法学(A030104),诉讼法学(A030106),法律（非法学）(A030111),法律（法学）(A030112)",,,否,否,男性;通过法律职业资格考试;普通高等院校毕业生（非在职）,汕头
汕头市人民检察院,4040001,检察业务部门五级检察官助理,40400012551002 ,从事协助检察相关业务工作,检察院检察官助理职位,1,研究生,硕士以上,"刑法学(A030104),诉讼法学(A030106),法律（非法学）(A030111),法律（法学）(A030112)",,,否,否,女性;通过法律职业资格考试;普通高等院校毕业生（非在职）,汕头
汕头市人民检察院,4040001,检察业务部门五级检察官助理,40400012551003 ,从事协助检察相关业务工作,检察院检察官助理职位,1,研究生,硕士以上,"宪法学与行政法学(A030103),民商法学（含：劳动法学、社会保障法学）(A030105),法律（非法学）(A030111),法律（法学）(A030112)",,,否,否,男性;通过法律职业资格考试;普通高等院校毕业生（非在职）,汕头
汕头市人民检察院,4040001,检察业务部门五级检察官助理,40400012551004 ,从事协助检察相关业务工作,检察院检察官助理职位,1,研究生,硕士以上,"宪法学与行政法学(A030103),民商法学（含：劳动法学、社会保障法学）(A030105),法律（非法学）(A030111),法律（法学）(A030112)",,,否,否,女性;通过法律职业资格考试;普通高等院校毕业生（非在职）,汕头
汕头市金平区人民检察院,4040002,检察业务部门五级检察官助理,40400022551001 ,从事协助检察相关业务工作,检察院检察官助理职位,1,研究生,硕士以上,"宪法学与行政法学(A030103),刑法学(A030104),民商法学（含：劳动法学、社会保障法学）(A030105),诉讼法学(A030106),经济法学(A030107),国际法学（含：国际公法、国际私法、国际经济法）(A030109)",,,否,应届毕业生,"男性;通过法律职业资格考试;普通高等院校毕业生（非在职）, 本科须为法学专业且获法学学士学位",汕头
汕头市金平区人民检察院,4040002,检察业务部门五级检察官助理,40400022551002 ,从事协助检察相关业务工作,检察院检察官助理职位,1,研究生,硕士以上,"宪法学与行政法学(A030103),刑法学(A030104),民商法学（含：劳动法学、社会保障法学）(A030105),诉讼法学(A030106),经济法学(A030107),国际法学（含：国际公法、国际私法、国际经济法）(A030109)",,,否,应届毕业生,"女性;通过法律职业资格考试;普通高等院校毕业生（非在职）, 本科须为法学专业且获法学学士学位",汕头
汕头市金平区人民检察院,4040002,检察业务部门五级检察官助理,40400022551003 ,从事协助检察相关业务工作,检察院检察官助理职位,2,本科以上,学士以上,"刑法学(A030104),经济法学(A030107)","法学(B030101),知识产权(B030102)",,否,应届毕业生,"男性;通过法律职业资格考试;普通高等院校毕业生（非在职）, 研究生报考者本科须为法学专业且获法学学士学位",汕头
汕头市金平区人民检察院,4040002,检察业务部门五级检察官助理,40400022551004 ,从事协助检察相关业务工作,检察院检察官助理职位,2,本科以上,学士以上,"刑法学(A030104),经济法学(A030107)","法学(B030101),知识产权(B030102)",,否,应届毕业生,"女性;通过法律职业资格考试;普通高等院校毕业生（非在职）, 研究生报考者本科须为法学专业且获法学学士学位",汕头
汕头市龙湖区人民检察院,4040003,司法行政部门一级科员,40400032552001 ,从事检察技术保障工作,检察院司法行政职位,1,本科以上,学士以上,计算机科学与技术(A0812),计算机类(B0809),,否,应届毕业生,,汕头
汕头市濠江区人民检察院,4040004,检察业务部门五级检察官助理,40400042551001 ,从事协助检察相关业务工作,检察院检察官助理职位,1,本科以上,学士以上,法学(A0301),法学类(B0301),,否,否,"男性;通过法律职业资格考试;普通高等院校毕业生（非在职）, 研究生报考者本科须为法学专业且获法学学士学位",汕头
汕头市濠江区人民检察院,4040004,检察业务部门五级检察官助理,40400042551002 ,从事协助检察相关业务工作,检察院检察官助理职位,1,本科以上,学士以上,法学(A0301),法学类(B0301),,否,否,"女性;通过法律职业资格考试;普通高等院校毕业生（非在职）, 研究生报考者本科须为法学专业且获法学学士学位",汕头
汕头市澄海区人民检察院,4040005,检察业务部门五级检察官助理,40400052551001 ,从事协助检察相关业务工作,检察院检察官助理职位,1,研究生,硕士以上,法学(A0301),,,否,应届毕业生,男性;通过法律职业资格考试;普通高等院校毕业生（非在职）,汕头
汕头市澄海区人民检察院,4040005,检察业务部门五级检察官助理,40400052551002 ,从事协助检察相关业务工作,检察院检察官助理职位,1,研究生,硕士以上,法学(A0301),,,否,应届毕业生,女性;通过法律职业资格考试;普通高等院校毕业生（非在职）,汕头
汕头市澄海区人民检察院,4040005,检察业务部门五级检察官助理,40400052551003 ,从事协助检察相关业务工作,检察院检察官助理职位,1,本科以上,学士以上,"刑法学(A030104),民商法学（含：劳动法学、社会保障法学）(A030105),诉讼法学(A030106),经济法学(A030107),环境与资源保护法学(A030108),法律（非法学）(A030111),法律（法学）(A030112)","法学(B030101),知识产权(B030102)",,否,应届毕业生,男性;通过法律职业资格考试;普通高等院校毕业生（非在职）,汕头
汕头市澄海区人民检察院,4040005,检察业务部门五级检察官助理,40400052551004 ,从事协助检察相关业务工作,检察院检察官助理职位,1,本科以上,学士以上,"刑法学(A030104),民商法学（含：劳动法学、社会保障法学）(A030105),诉讼法学(A030106),经济法学(A030107),环境与资源保护法学(A030108),法律（非法学）(A030111),法律（法学）(A030112)","法学(B030101),知识产权(B030102)",,否,应届毕业生,女性;通过法律职业资格考试;普通高等院校毕业生（非在职）,汕头
汕头市潮阳区人民检察院,4040006,司法行政部门一级科员,40400062552001 ,从事党务、组织、人事、档案管理等司法行政工作,检察院司法行政职位,1,本科以上,学士以上,"法学(A0301),政治学(A0302),马克思主义理论(A0305),中国语言文学(A0501),新闻传播学(A0503),计算机科学与技术(A0812)","法学(B030101),政治学与行政学(B030201),马克思主义理论(B030504),汉语言文学(B050101),新闻学(B050301),网络与新媒体(B050306),计算机科学与技术(B080901),人力资源管理(B120206),审计学(B120207)",,否,否,男性,汕头
汕头市潮阳区人民检察院,4040006,司法行政部门一级科员,40400062552002 ,从事党务、组织、人事、档案管理等司法行政工作,检察院司法行政职位,1,本科以上,学士以上,"法学(A0301),政治学(A0302),马克思主义理论(A0305),中国语言文学(A0501),新闻传播学(A0503),计算机科学与技术(A0812)","法学(B030101),政治学与行政学(B030201),马克思主义理论(B030504),汉语言文学(B050101),新闻学(B050301),网络与新媒体(B050306),计算机科学与技术(B080901),人力资源管理(B120206),审计学(B120207)",,否,否,女性,汕头
汕头市潮南区人民检察院,4040007,检察业务部门五级检察官助理,40400072551001 ,从事协助检察相关业务工作,检察院检察官助理职位,1,本科以上,学士以上,法学(A0301),"法学(B030101),知识产权(B030102)",,否,应届毕业生,"男性;通过法律职业资格考试，未通过的录用后需在录用单位工作满5年;普通高等院校毕业生（非在职）, 研究生报考者本科须为法学专业且获法学学士学位",汕头
汕头市潮南区人民检察院,4040007,检察业务部门五级检察官助理,40400072551002 ,从事协助检察相关业务工作,检察院检察官助理职位,1,本科以上,学士以上,法学(A0301),"法学(B030101),知识产权(B030102)",,否,应届毕业生,"女性;通过法律职业资格考试，未通过的录用后需在录用单位工作满5年;普通高等院校毕业生（非在职）, 研究生报考者本科须为法学专业且获法学学士学位",汕头
汕头市潮南区人民检察院,4040007,检察业务部门五级检察官助理,40400072551003 ,从事协助检察相关业务工作,检察院检察官助理职位,1,本科以上,学士以上,法学(A0301),法学类(B0301),,否,否,"男性;通过法律职业资格考试;普通高等院校毕业生（非在职）, 研究生报考者本科须为法学专业且获法学学士学位",汕头
汕头市潮南区人民检察院,4040007,检察业务部门五级检察官助理,40400072551004 ,从事协助检察相关业务工作,检察院检察官助理职位,1,本科以上,学士以上,法学(A0301),法学类(B0301),,否,否,"女性;通过法律职业资格考试;普通高等院校毕业生（非在职）, 研究生报考者本科须为法学专业且获法学学士学位",汕头
南澳县人民检察院,4040008,检察业务部门五级检察官助理,40400082551001 ,从事协助检察相关业务工作,检察院检察官助理职位,1,本科以上,学士以上,法学(A0301),法学类(B0301),,否,否,"男性;通过法律职业资格考试;普通高等院校毕业生（非在职）, 研究生报考者本科须为法学专业且获法学学士学位",汕头
南澳县人民检察院,4040008,检察业务部门五级检察官助理,40400082551002 ,从事协助检察相关业务工作,检察院检察官助理职位,1,本科以上,学士以上,法学(A0301),法学类(B0301),,否,否,"女性;通过法律职业资格考试;普通高等院校毕业生（非在职）, 研究生报考者本科须为法学专业且获法学学士学位",汕头
佛山市人民检察院,4050001,检察业务岗五级检察官助理,40500012551001 ,从事检察业务辅助工作,检察院检察官助理职位,1,研究生,硕士以上,法学(A0301),,,否,应届毕业生,男性;通过法律职业资格考试;普通高等院校毕业生（非在职）,佛山
佛山市人民检察院,4050001,检察业务岗五级检察官助理,40500012551002 ,从事检察业务辅助工作,检察院检察官助理职位,1,研究生,硕士以上,法学(A0301),,,否,应届毕业生,女性;通过法律职业资格考试;普通高等院校毕业生（非在职）,佛山
佛山市人民检察院,4050001,检察业务岗五级检察官助理,40500012551003 ,从事检察业务辅助工作,检察院检察官助理职位,1,研究生,硕士以上,"诉讼法学(A030106),经济法学(A030107),国际法学（含：国际公法、国际私法、国际经济法）(A030109)",,,否,应届毕业生,男性;通过法律职业资格考试;普通高等院校毕业生（非在职）,佛山
佛山市人民检察院,4050001,检察业务岗五级检察官助理,40500012551004 ,从事检察业务辅助工作,检察院检察官助理职位,1,研究生,硕士以上,"诉讼法学(A030106),经济法学(A030107),国际法学（含：国际公法、国际私法、国际经济法）(A030109)",,,否,应届毕业生,女性;通过法律职业资格考试;普通高等院校毕业生（非在职）,佛山
佛山市人民检察院,4050001,司法警察岗一级警员,40500012553001 ,从事司法警察工作,检察院司法警察职位,1,本科以上,学士以上,公安技术(A0838),"刑事科学技术(B083101),数据警务技术(B083110),食品药品环境犯罪侦查技术(B083111)",,否,否,男性;需开展心理素质测评,佛山
佛山市禅城区人民检察院,4050002,检察业务岗五级检察官助理,40500022551001 ,从事检察业务辅助工作,检察院检察官助理职位,1,本科以上,学士以上,法学(A0301),法学类(B0301),,否,2025届高校毕业生,男性;通过法律职业资格考试;普通高等院校毕业生（非在职）,佛山
佛山市禅城区人民检察院,4050002,检察业务岗五级检察官助理,40500022551002 ,从事检察业务辅助工作,检察院检察官助理职位,1,本科以上,学士以上,法学(A0301),法学类(B0301),,否,2025届高校毕业生,女性;通过法律职业资格考试;普通高等院校毕业生（非在职）,佛山
佛山市禅城区人民检察院,4050002,检察业务岗五级检察官助理,40500022551003 ,从事检察业务辅助工作,检察院检察官助理职位,1,研究生,硕士以上,法学(A0301),,,否,2025届高校毕业生,男性;通过法律职业资格考试;普通高等院校毕业生（非在职）,佛山
佛山市禅城区人民检察院,4050002,检察业务岗五级检察官助理,40500022551004 ,从事检察业务辅助工作,检察院检察官助理职位,1,研究生,硕士以上,法学(A0301),,,否,2025届高校毕业生,女性;通过法律职业资格考试;普通高等院校毕业生（非在职）,佛山
佛山市禅城区人民检察院,4050002,检察业务岗五级检察官助理,40500022551005 ,从事检察业务辅助工作,检察院检察官助理职位,1,研究生,硕士以上,"民商法学（含：劳动法学、社会保障法学）(A030105),经济法学(A030107)",,,否,2025届高校毕业生,通过法律职业资格考试;普通高等院校毕业生（非在职）,佛山
佛山市禅城区人民检察院,4050002,司法行政部门一级科员,40500022552001 ,从事会计、建设工程招投标管理等工作,检察院司法行政职位,1,本科以上,学士以上,"建筑学(A0813),土木工程(A0814),土木工程硕士（专业硕士）(A084401),工程管理硕士（专业硕士）(A120102),会计学(A120201),会计硕士（专业硕士）(A120206)","建筑学(B081001),土木工程(B081101),工程管理(B120103),会计学(B120203),财务管理(B120204)",,否,2025届高校毕业生,,佛山
佛山市顺德区人民检察院,4050004,检察业务岗五级检察官助理,40500042551001 ,从事检察业务辅助工作,检察院检察官助理职位,4,研究生,硕士以上,法学(A0301),,,否,2025届高校毕业生,"男性;通过法律职业资格考试;普通高等院校毕业生（非在职）, 本科须为法学专业且获法学学士学位",佛山
佛山市顺德区人民检察院,4050004,检察业务岗五级检察官助理,40500042551002 ,从事检察业务辅助工作,检察院检察官助理职位,4,研究生,硕士以上,法学(A0301),,,否,2025届高校毕业生,"女性;通过法律职业资格考试;普通高等院校毕业生（非在职）, 本科须为法学专业且获法学学士学位",佛山
佛山市高明区人民检察院,4050005,检察官助理五级检察官助理,40500052551001 ,从事检察业务辅助工作,检察院检察官助理职位,1,研究生,硕士以上,法学(A0301),,,否,2025届高校毕业生,"男性;通过法律职业资格考试;普通高等院校毕业生（非在职）, 本科须为法学专业且获法学学士学位",佛山
佛山市高明区人民检察院,4050005,检察官助理五级检察官助理,40500052551002 ,从事检察业务辅助工作,检察院检察官助理职位,1,研究生,硕士以上,法学(A0301),,,否,2025届高校毕业生,"女性;通过法律职业资格考试;普通高等院校毕业生（非在职）, 本科须为法学专业且获法学学士学位",佛山
佛山市高明区人民检察院,4050005,司法警察一级警员,40500052553001 ,从事司法警察工作,检察院司法警察职位,1,本科以上,学士以上,公安学(A0306),公安学类(B0306),,否,否,男性;需开展心理素质测评,佛山
佛山市三水区人民检察院,4050006,检察业务岗五级检察官助理,40500062551001 ,从事检察业务辅助工作,检察院检察官助理职位,1,研究生,硕士以上,法学(A0301),,,否,2025届高校毕业生,"男性;通过法律职业资格考试;普通高等院校毕业生（非在职）, 本科须为法学专业且获法学学士学位",佛山
佛山市三水区人民检察院,4050006,检察业务岗五级检察官助理,40500062551002 ,从事检察业务辅助工作,检察院检察官助理职位,1,研究生,硕士以上,法学(A0301),,,否,2025届高校毕业生,"女性;通过法律职业资格考试;普通高等院校毕业生（非在职）, 本科须为法学专业且获法学学士学位",佛山
佛山市三水区人民检察院,4050006,司法行政岗一级科员,40500062552001 ,从事综合行政工作,检察院司法行政职位,1,研究生,硕士以上,"马克思主义哲学(A010101),政治经济学(A020101),社会学(A030301),社会工作硕士（专业硕士）(A030305),马克思主义理论(A0305),会计学(A120201),会计硕士（专业硕士）(A120206),行政管理(A120401),公共管理硕士（专业硕士）(A120406)",,,否,2025届高校毕业生,,佛山
韶关市人民检察院,4060001,检察业务部门五级检察官助理,40600012551001 ,从事检察业务辅助工作,检察院检察官助理职位,1,本科以上,学士以上,06法律类,06法律类,,否,应届毕业生,男性;通过法律职业资格考试;普通高等院校毕业生（非在职）,韶关
韶关市人民检察院,4060001,检察业务部门五级检察官助理,40600012551002 ,从事检察业务辅助工作,检察院检察官助理职位,1,本科以上,学士以上,06法律类,06法律类,,否,应届毕业生,女性;通过法律职业资格考试;普通高等院校毕业生（非在职）,韶关
韶关市人民检察院,4060001,司法行政部门一级科员,40600012552001 ,从事司法行政工作,检察院司法行政职位,1,本科以上,学士以上,08中文传播类,08中文传播类,,否,否,男性,韶关
韶关市人民检察院,4060001,司法行政部门一级科员,40600012552002 ,从事司法行政工作,检察院司法行政职位,1,本科以上,学士以上,08中文传播类,08中文传播类,,否,否,女性,韶关
乐昌市人民检察院,4060002,检察业务部门五级检察官助理,40600022551001 ,从事检察业务辅助工作,检察院检察官助理职位,1,本科,学士,,法学类(B0301),,否,否,通过法律职业资格考试，未通过的录用后需在录用单位工作满5年;普通高等院校毕业生（非在职）,韶关
乐昌市人民检察院,4060002,司法行政部门一级科员,40600022552001 ,从事文稿撰写及文秘工作,检察院司法行政职位,1,本科,学士,,中国语言文学类(B0501),,否,否,,韶关
南雄市人民检察院,4060003,检察业务部门五级检察官助理,40600032551001 ,从事检察业务辅助工作,检察院检察官助理职位,1,本科以上,学士以上,法学(A0301),法学类(B0301),,否,应届毕业生,男性;通过法律职业资格考试;普通高等院校毕业生（非在职）,韶关
南雄市人民检察院,4060003,检察业务部门五级检察官助理,40600032551002 ,从事检察业务辅助工作,检察院检察官助理职位,1,本科以上,学士以上,法学(A0301),法学类(B0301),,否,应届毕业生,女性;通过法律职业资格考试;普通高等院校毕业生（非在职）,韶关
南雄市人民检察院,4060003,司法行政部门一级科员,40600032552001 ,从事干部日常管理、工资统计等工作,检察院司法行政职位,1,本科,学士,,"财务管理(B120204),人力资源管理(B120206)",,否,否,,韶关
仁化县人民检察院,4060004,检察业务部门五级检察官助理,40600042551001 ,从事检察业务辅助工作,检察院检察官助理职位,1,本科以上,学士以上,法学(A0301),法学类(B0301),,否,否,通过法律职业资格考试，未通过的录用后需在录用单位工作满5年;普通高等院校毕业生（非在职）,韶关
仁化县人民检察院,4060004,办公室（司法警察大队）一级警员,40600042553001 ,从事司法警察工作,检察院司法警察职位,1,本科以上,学士以上,"法学(A0301),公安学(A0306)","法学类(B0301),公安学类(B0306)",,否,否,男性,韶关
新丰县人民检察院,4060007,第一检察部五级检察官助理,40600072551001 ,从事检察业务辅助工作,检察院检察官助理职位,1,本科,学士,,法学类(B0301),,否,否,男性;通过法律职业资格考试;普通高等院校毕业生（非在职）,韶关
新丰县人民检察院,4060007,第一检察部五级检察官助理,40600072551002 ,从事检察业务辅助工作,检察院检察官助理职位,1,本科,学士,,法学类(B0301),,否,否,女性;通过法律职业资格考试;普通高等院校毕业生（非在职）,韶关
韶关市曲江区人民检察院,4060011,检察业务部门五级检察官助理,40600112551001 ,从事检察业务辅助工作,检察院检察官助理职位,1,本科,学士,,法学类(B0301),,否,应届毕业生,男性;通过法律职业资格考试，未通过的录用后需在录用单位工作满5年;普通高等院校毕业生（非在职）,韶关
韶关市曲江区人民检察院,4060011,检察业务部门五级检察官助理,40600112551002 ,从事检察业务辅助工作,检察院检察官助理职位,1,本科,学士,,法学类(B0301),,否,应届毕业生,女性;通过法律职业资格考试，未通过的录用后需在录用单位工作满5年;普通高等院校毕业生（非在职）,韶关
河源市东源县人民检察院,4070003,机关五级检察官助理,40700032551001 ,从事协助主办检察官相关工作,检察院检察官助理职位,1,本科,学士,,06法律类,,否,应届毕业生,男性;通过法律职业资格考试;普通高等院校毕业生（非在职）,河源
河源市东源县人民检察院,4070003,机关五级检察官助理,40700032551002 ,从事协助主办检察官相关工作,检察院检察官助理职位,1,本科,学士,,06法律类,,否,应届毕业生,女性;通过法律职业资格考试;普通高等院校毕业生（非在职）,河源
河源市紫金县人民检察院,4070004,机关五级检察官助理,40700042551001 ,从事协助主办检察官相关工作,检察院检察官助理职位,1,本科,学士,,法学类(B0301),,否,否,男性;通过法律职业资格考试，未通过的录用后需在录用单位工作满5年;普通高等院校毕业生（非在职）,河源
河源市紫金县人民检察院,4070004,机关五级检察官助理,40700042551002 ,从事协助主办检察官相关工作,检察院检察官助理职位,1,本科,学士,,法学类(B0301),,否,否,女性;通过法律职业资格考试，未通过的录用后需在录用单位工作满5年;普通高等院校毕业生（非在职）,河源
龙川县人民检察院,4070005,机关一级警员,40700052553001 ,从事检察警务等工作,检察院司法警察职位,1,本科,学士,,法学类(B0301),,否,否,男性,河源
龙川县人民检察院,4070005,机关一级警员,40700052553002 ,从事检察警务等工作,检察院司法警察职位,1,本科,学士,,法学类(B0301),,否,否,女性,河源
和平县人民检察院,4070006,机关五级检察官助理,40700062551001 ,从事协助主办检察官相关工作,检察院检察官助理职位,2,本科,学士,,法学类(B0301),,否,2025届高校毕业生,女性;通过法律职业资格考试，未通过的录用后需在录用单位工作满5年;普通高等院校毕业生（非在职）,河源
和平县人民检察院,4070006,机关五级检察官助理,40700062551002 ,从事协助主办检察官相关工作,检察院检察官助理职位,2,本科,学士,,法学类(B0301),,否,2025届高校毕业生,男性;通过法律职业资格考试，未通过的录用后需在录用单位工作满5年;普通高等院校毕业生（非在职）,河源
和平县人民检察院,4070006,机关五级检察官助理,40700062551003 ,从事协助主办检察官相关工作,检察院检察官助理职位,1,本科,学士,,法学类(B0301),,否,否,通过法律职业资格考试，未通过的录用后需在录用单位工作满5年;普通高等院校毕业生（非在职）,河源
和平县人民检察院,4070006,机关一级科员,40700062552001 ,从事检察综合行政工作,检察院司法行政职位,1,本科,学士,,"中国语言文学类(B0501),新闻传播学类(B0503)",,否,否,,河源
和平县人民检察院,4070006,机关一级警员,40700062553001 ,从事检察警务工作,检察院司法警察职位,1,本科,学士,,公安学类(B0306),,否,否,,河源
河源市连平县人民检察院,4070007,机关五级检察官助理,40700072551001 ,从事协助主办检察官相关工作,检察院检察官助理职位,1,本科,学士,,06法律类,,否,否,女性;通过法律职业资格考试，未通过的录用后需在录用单位工作满5年;普通高等院校毕业生（非在职）,河源
河源市连平县人民检察院,4070007,机关五级检察官助理,40700072551002 ,从事协助主办检察官相关工作,检察院检察官助理职位,1,本科,学士,,06法律类,,否,否,男性;通过法律职业资格考试，未通过的录用后需在录用单位工作满5年;普通高等院校毕业生（非在职）,河源
兴宁市人民检察院,4080003,检察业务部门五级检察官助理,40800032551001 ,从事协助检察官办案工作,检察院检察官助理职位,1,本科以上,学士以上,"刑法学(A030104),民商法学（含：劳动法学、社会保障法学）(A030105),诉讼法学(A030106)","法学(B030101),社区矫正(B030107)",,否,2025届高校毕业生,男性;通过法律职业资格考试;普通高等院校毕业生（非在职）,梅州
兴宁市人民检察院,4080003,检察业务部门五级检察官助理,40800032551002 ,从事协助检察官办案工作,检察院检察官助理职位,1,本科以上,学士以上,"刑法学(A030104),民商法学（含：劳动法学、社会保障法学）(A030105),诉讼法学(A030106)","法学(B030101),社区矫正(B030107)",,否,2025届高校毕业生,女性;通过法律职业资格考试;普通高等院校毕业生（非在职）,梅州
蕉岭县人民检察院,4080006,检察业务部门五级检察官助理,40800062551001 ,从事协助检察官办案工作,检察院检察官助理职位,2,本科以上,学士以上,06法律类,06法律类,,否,否,男性;通过法律职业资格考试;普通高等院校毕业生（非在职）,梅州
蕉岭县人民检察院,4080006,检察业务部门五级检察官助理,40800062551002 ,从事协助检察官办案工作,检察院检察官助理职位,2,本科以上,学士以上,06法律类,06法律类,,否,否,女性;通过法律职业资格考试;普通高等院校毕业生（非在职）,梅州
大埔县人民检察院,4080007,办公室（司法警察大队）二级警长以下,40800072553001 ,从事司法警察工作,检察院司法警察职位,1,本科以上,学士以上,"法学(A0301),公安学(A0306)","法学类(B0301),公安学类(B0306)",,否,否,男性,梅州
丰顺县人民检察院,4080008,检察业务部门五级检察官助理,40800082551001 ,从事检察业务辅助工作,检察院检察官助理职位,1,本科,学士,,"法学(B030101),知识产权(B030102)",,否,应届毕业生,通过法律职业资格考试;普通高等院校毕业生（非在职）,梅州
五华县人民检察院,4080009,司法行政部门一级科员,40800092552001 ,从事司法行政工作,检察院司法行政职位,1,本科以上,学士以上,计算机科学与技术(A0812),"计算机科学与技术(B080901),软件工程(B080902),网络工程(B080903),数据科学与大数据技术(B080910)",,否,否,,梅州
惠州市人民检察院,4090001,司法行政部门二级主任科员以下,40900012552001 ,从事检察系统综合管理工作,检察院司法行政职位,1,研究生,硕士以上,"金融学（含∶保险学）(A020204),审计硕士（专业硕士）(A020218),会计学(A120201),会计硕士（专业硕士）(A120206)",,,否,应届毕业生,男性,惠州
惠州市人民检察院,4090001,司法行政部门二级主任科员以下,40900012552002 ,从事检察系统综合管理工作,检察院司法行政职位,1,研究生,硕士以上,"金融学（含∶保险学）(A020204),审计硕士（专业硕士）(A020218),会计学(A120201),会计硕士（专业硕士）(A120206)",,,否,应届毕业生,女性,惠州
惠城区人民检察院,4090002,检察业务部门五级检察官助理,40900022551001 ,从事检察业务相关工作,检察院检察官助理职位,1,本科,学士,,06法律类,,否,2025届高校毕业生,男性;通过法律职业资格考试;普通高等院校毕业生（非在职）,惠州
惠城区人民检察院,4090002,检察业务部门五级检察官助理,40900022551002 ,从事检察业务相关工作,检察院检察官助理职位,1,本科,学士,,06法律类,,否,2025届高校毕业生,女性;通过法律职业资格考试;普通高等院校毕业生（非在职）,惠州
惠城区人民检察院,4090002,检察业务部门五级检察官助理,40900022551003 ,从事检察业务相关工作,检察院检察官助理职位,1,本科,学士,,06法律类,,否,2025届高校毕业生,通过法律职业资格考试;普通高等院校毕业生（非在职）,惠州
惠州市惠阳区人民检察院,4090003,内设机构五级检察官助理,40900032551001 ,从事检察官助理工作,检察院检察官助理职位,2,本科,学士,,法学类(B0301),,否,否,男性;通过法律职业资格考试;普通高等院校毕业生（非在职）,惠州
惠州市惠阳区人民检察院,4090003,内设机构五级检察官助理,40900032551002 ,从事检察官助理工作,检察院检察官助理职位,2,本科,学士,,法学类(B0301),,否,否,女性;通过法律职业资格考试;普通高等院校毕业生（非在职）,惠州
惠东县人民检察院,4090004,内设机构五级检察官助理,40900042551001 ,从事检察业务相关工作,检察院检察官助理职位,1,本科,学士,,法学类(B0301),,否,否,男性;通过法律职业资格考试;普通高等院校毕业生（非在职）,惠州
惠东县人民检察院,4090004,内设机构五级检察官助理,40900042551002 ,从事检察业务相关工作,检察院检察官助理职位,1,本科,学士,,法学类(B0301),,否,否,女性;通过法律职业资格考试;普通高等院校毕业生（非在职）,惠州
博罗县人民检察院,4090005,内设机构五级检察官助理,40900052551001 ,从事检察官助理工作,检察院检察官助理职位,2,本科,学士,,"法学(B030101),知识产权(B030102),监狱学(B030103),信用风险管理与法律防控(B030104),司法警察学(B030106),社区矫正(B030107),纪检监察(B030108)",,否,应届毕业生,男性;通过法律职业资格考试;普通高等院校毕业生（非在职）,惠州
博罗县人民检察院,4090005,内设机构五级检察官助理,40900052551002 ,从事检察官助理工作,检察院检察官助理职位,2,本科,学士,,"法学(B030101),知识产权(B030102),监狱学(B030103),信用风险管理与法律防控(B030104),司法警察学(B030106),社区矫正(B030107),纪检监察(B030108)",,否,应届毕业生,女性;通过法律职业资格考试;普通高等院校毕业生（非在职）,惠州
博罗县人民检察院,4090005,内设机构一级科员,40900052552001 ,从事党务、组织、人事等司法行政工作,检察院司法行政职位,1,本科,学士,,"法学类(B0301),新闻学(B050301)",,否,应届毕业生,中共党员,惠州
龙门县人民检察院,4090006,内设机构四级检察官助理以下,40900062551001 ,从事检察业务相关工作,检察院检察官助理职位,1,本科以上,学士、硕士,06法律类,06法律类,,否,应届毕业生,男性;通过法律职业资格考试;普通高等院校毕业生（非在职）,惠州
龙门县人民检察院,4090006,内设机构四级检察官助理以下,40900062551002 ,从事检察业务相关工作,检察院检察官助理职位,1,本科以上,学士、硕士,06法律类,06法律类,,否,应届毕业生,女性;通过法律职业资格考试;普通高等院校毕业生（非在职）,惠州
龙门县人民检察院,4090006,内设机构一级科员,40900062552001 ,从事财务相关工作,检察院司法行政职位,1,本科,学士,,"会计学(B120203),财务管理(B120204),审计学(B120207)",,否,应届毕业生,,惠州
惠州大亚湾经济技术开发区人民检察院,4090007,内设机构五级检察官助理,40900072551001 ,从事检察业务相关工作,检察院检察官助理职位,1,本科,学士,,法学类(B0301),,否,2025届高校毕业生,男性;通过法律职业资格考试;普通高等院校毕业生（非在职）,惠州
惠州大亚湾经济技术开发区人民检察院,4090007,内设机构五级检察官助理,40900072551002 ,从事检察业务相关工作,检察院检察官助理职位,1,本科,学士,,法学类(B0301),,否,2025届高校毕业生,女性;通过法律职业资格考试;普通高等院校毕业生（非在职）,惠州
惠州大亚湾经济技术开发区人民检察院,4090007,内设机构一级科员,40900072552001 ,从事党务、组织人事工作,检察院司法行政职位,1,本科,学士,,马克思主义理论类(B0305),,否,2025届高校毕业生,中共党员,惠州
汕尾市人民检察院,4100001,检察业务岗五级检察官助理,41000012551001 ,从事检察业务工作,检察院检察官助理职位,1,本科,学士,,法学类(B0301),,否,应届毕业生,男性;通过法律职业资格考试;普通高等院校毕业生（非在职）,汕尾
汕尾市人民检察院,4100001,检察业务岗五级检察官助理,41000012551002 ,从事检察业务工作,检察院检察官助理职位,1,本科,学士,,法学类(B0301),,否,应届毕业生,女性;通过法律职业资格考试;普通高等院校毕业生（非在职）,汕尾
汕尾市人民检察院,4100001,检察业务岗五级检察官助理,41000012551003 ,从事检察业务工作,检察院检察官助理职位,1,本科,学士,,法学类(B0301),,否,否,男性;通过法律职业资格考试;普通高等院校毕业生（非在职）,汕尾
汕尾市人民检察院,4100001,检察业务岗五级检察官助理,41000012551004 ,从事检察业务工作,检察院检察官助理职位,1,本科,学士,,法学类(B0301),,否,否,女性;通过法律职业资格考试;普通高等院校毕业生（非在职）,汕尾
海丰县人民检察院,4100003,检察业务岗五级检察官助理,41000032551001 ,从事审查案件材料、草拟法律文书等检察辅助事务工作,检察院检察官助理职位,1,本科,学士,,法学类(B0301),,否,否,男性;通过法律职业资格考试;普通高等院校毕业生（非在职）,汕尾
海丰县人民检察院,4100003,检察业务岗五级检察官助理,41000032551002 ,从事审查案件材料、草拟法律文书等检察辅助事务工作,检察院检察官助理职位,1,本科,学士,,法学类(B0301),,否,应届毕业生,男性;通过法律职业资格考试;普通高等院校毕业生（非在职）,汕尾
海丰县人民检察院,4100003,检察业务岗五级检察官助理,41000032551003 ,从事审查案件材料、草拟法律文书等检察辅助事务工作,检察院检察官助理职位,1,本科,学士,,法学类(B0301),,否,否,女性;通过法律职业资格考试;普通高等院校毕业生（非在职）,汕尾
海丰县人民检察院,4100003,检察业务岗五级检察官助理,41000032551004 ,从事审查案件材料、草拟法律文书等检察辅助事务工作,检察院检察官助理职位,1,本科,学士,,法学类(B0301),,否,应届毕业生,女性;通过法律职业资格考试;普通高等院校毕业生（非在职）,汕尾
陆丰市人民检察院,4100004,政治部一级科员,41000042552001 ,从事检察综合行政工作,检察院司法行政职位,2,本科,学士,,"中国语言文学类(B0501),公共管理类(B1204)",,否,否,,汕尾
陆丰市人民检察院,4100004,办公室（司法警察大队）一级警员,41000042553001 ,从事办案保障工作,检察院司法警察职位,2,本科,学士,,"法学(B030101),体育学类(B0402)",,否,2025届高校毕业生,男性,汕尾
陆河县人民检察院,4100005,检察业务岗五级检察官助理,41000052551001 ,从事检察业务辅助工作,检察院检察官助理职位,1,本科,学士,,06法律类,,否,否,男性;通过法律职业资格考试;普通高等院校毕业生（非在职）,汕尾
陆河县人民检察院,4100005,检察业务岗五级检察官助理,41000052551002 ,从事检察业务辅助工作,检察院检察官助理职位,1,本科,学士,,06法律类,,否,否,女性;通过法律职业资格考试;普通高等院校毕业生（非在职）,汕尾
东莞市人民检察院,4110001,机关五级检察官助理,41100012551001 ,从事检察辅助工作,检察院检察官助理职位,1,本科以上,学士以上,法学(A0301),法学类(B0301),,否,应届毕业生,"男性;通过法律职业资格考试;普通高等院校毕业生（非在职）, 研究生报考者本科须为法学专业且获法学学士学位",东莞
东莞市人民检察院,4110001,机关五级检察官助理,41100012551002 ,从事检察辅助工作,检察院检察官助理职位,1,本科以上,学士以上,法学(A0301),法学类(B0301),,否,应届毕业生,"女性;通过法律职业资格考试;普通高等院校毕业生（非在职）, 研究生报考者本科须为法学专业且获法学学士学位",东莞
东莞市人民检察院,4110001,机关四级主任科员,41100012552001 ,从事司法行政工作,检察院司法行政职位,1,研究生,硕士以上,法学(A0301),,,否,2025届高校毕业生,,东莞
东莞市第一市区人民检察院,4110002,机关五级检察官助理,41100022551001 ,从事检察业务辅助工作,检察院检察官助理职位,1,本科以上,学士以上,"刑法学(A030104),民商法学（含：劳动法学、社会保障法学）(A030105),诉讼法学(A030106),经济法学(A030107)",法学(B030101),,否,应届毕业生,"通过法律职业资格考试;普通高等院校毕业生（非在职）, 研究生报考者本科须为法学专业且获法学学士学位",东莞
东莞市第一市区人民检察院,4110002,机关一级警员,41100022553001 ,从事司法警察工作,检察院司法警察职位,1,本科以上,学士以上,"刑法学(A030104),民商法学（含：劳动法学、社会保障法学）(A030105),诉讼法学(A030106),经济法学(A030107)",法学(B030101),,否,否,男性,东莞
东莞市第二市区人民检察院,4110003,机关五级检察官助理,41100032551001 ,从事检察辅助工作,检察院检察官助理职位,1,本科以上,学士以上,"宪法学与行政法学(A030103),刑法学(A030104),民商法学（含：劳动法学、社会保障法学）(A030105),法律（法学）(A030112)","法学(B030101),知识产权(B030102),社区矫正(B030107)",,否,2025届高校毕业生,"通过法律职业资格考试;普通高等院校毕业生（非在职）, 研究生报考者本科须为法学专业且获法学学士学位",东莞
东莞市第三市区人民检察院,4110004,机关五级检察官助理,41100042551001 ,从事检察辅助工作,检察院检察官助理职位,1,本科以上,学士以上,法学(A0301),法学类(B0301),,否,应届毕业生,"男性;通过法律职业资格考试;普通高等院校毕业生（非在职）, 研究生报考者本科须为法学专业且获法学学士学位",东莞
东莞市第三市区人民检察院,4110004,机关五级检察官助理,41100042551002 ,从事检察辅助工作,检察院检察官助理职位,1,本科以上,学士以上,法学(A0301),法学类(B0301),,否,应届毕业生,"女性;通过法律职业资格考试;普通高等院校毕业生（非在职）, 研究生报考者本科须为法学专业且获法学学士学位",东莞
中山市人民检察院,4120001,检察业务部门五级检察官助理,41200012551001 ,从事协助检察官办理案件工作,检察院检察官助理职位,1,研究生,硕士以上,"宪法学与行政法学(A030103),刑法学(A030104),民商法学（含：劳动法学、社会保障法学）(A030105),诉讼法学(A030106),经济法学(A030107)",,,否,否,"男性;通过法律职业资格考试;普通高等院校毕业生（非在职）, 本科须为法学专业且获法学学士学位",中山
中山市人民检察院,4120001,检察业务部门五级检察官助理,41200012551002 ,从事协助检察官办理案件工作,检察院检察官助理职位,1,研究生,硕士以上,"宪法学与行政法学(A030103),刑法学(A030104),民商法学（含：劳动法学、社会保障法学）(A030105),诉讼法学(A030106),经济法学(A030107)",,,否,否,"女性;通过法律职业资格考试;普通高等院校毕业生（非在职）, 本科须为法学专业且获法学学士学位",中山
中山市人民检察院,4120001,检察业务部门五级检察官助理,41200012551003 ,从事协助检察官办理案件工作,检察院检察官助理职位,1,研究生,硕士以上,"宪法学与行政法学(A030103),刑法学(A030104),民商法学（含：劳动法学、社会保障法学）(A030105),诉讼法学(A030106),经济法学(A030107)",,,否,应届毕业生,"通过法律职业资格考试;普通高等院校毕业生（非在职）, 本科须为法学专业且获法学学士学位",中山
中山市第一市区人民检察院,4120002,检察业务部门五级检察官助理,41200022551001 ,从事协助检察官办理案件工作,检察院检察官助理职位,1,本科以上,学士以上,"刑法学(A030104),诉讼法学(A030106),经济法学(A030107),法律（法学）(A030112)",法学(B030101),,否,应届毕业生,"通过法律职业资格考试;普通高等院校毕业生（非在职）, 研究生报考者本科须为法学专业且获法学学士学位",中山
中山市第一市区人民检察院,4120002,检察业务部门五级检察官助理,41200022551002 ,从事协助检察官办理案件工作,检察院检察官助理职位,1,本科以上,学士以上,"刑法学(A030104),诉讼法学(A030106),经济法学(A030107),法律（法学）(A030112)",法学(B030101),,否,否,"通过法律职业资格考试;普通高等院校毕业生（非在职）, 研究生报考者本科须为法学专业且获法学学士学位",中山
中山市第二市区人民检察院,4120003,检察业务部门五级检察官助理,41200032551001 ,从事协助检察官审查案件等工作,检察院检察官助理职位,1,本科以上,学士以上,"刑法学(A030104),诉讼法学(A030106),法律（法学）(A030112)",法学(B030101),,否,应届毕业生,"通过法律职业资格考试;普通高等院校毕业生（非在职）, 研究生报考者本科须为法学专业且获法学学士学位",中山
中山市第二市区人民检察院,4120003,检察业务部门五级检察官助理,41200032551002 ,从事协助检察官审查案件等工作,检察院检察官助理职位,1,本科以上,学士以上,"刑法学(A030104),诉讼法学(A030106),法律（法学）(A030112)",法学(B030101),,否,否,"男性;通过法律职业资格考试;普通高等院校毕业生（非在职）, 研究生报考者本科须为法学专业且获法学学士学位",中山
中山市第二市区人民检察院,4120003,检察业务部门五级检察官助理,41200032551003 ,从事协助检察官审查案件等工作,检察院检察官助理职位,1,本科以上,学士以上,"刑法学(A030104),诉讼法学(A030106),法律（法学）(A030112)",法学(B030101),,否,否,"女性;通过法律职业资格考试;普通高等院校毕业生（非在职）, 研究生报考者本科须为法学专业且获法学学士学位",中山
江门市蓬江区人民检察院,4130002,二级检察官助理以下,41300022551001 ,从事检察辅助工作,检察院检察官助理职位,1,本科以上,学士以上,法学(A0301),法学类(B0301),,否,2025届高校毕业生,通过法律职业资格考试;普通高等院校毕业生（非在职）,江门
江门市蓬江区人民检察院,4130002,二级检察官助理以下,41300022551002 ,从事检察辅助工作,检察院检察官助理职位,1,本科以上,学士以上,法学(A0301),法学类(B0301),,否,否,男性;通过法律职业资格考试;普通高等院校毕业生（非在职）,江门
江门市蓬江区人民检察院,4130002,二级检察官助理以下,41300022551003 ,从事检察辅助工作,检察院检察官助理职位,1,本科以上,学士以上,法学(A0301),法学类(B0301),,否,否,女性;通过法律职业资格考试;普通高等院校毕业生（非在职）,江门
江门市蓬江区人民检察院,4130002,二级主任科员以下,41300022552001 ,从事检察技术工作,检察院司法行政职位,1,本科以上,学士以上,计算机科学与技术(A0812),计算机类(B0809),,否,否,,江门
江门市新会区人民检察院,4130004,四级主任科员以下,41300042552001 ,从事人事管理、党建等相关工作,检察院司法行政职位,1,本科以上,学士以上,"法律（非法学）(A030111),法律（法学）(A030112),企业管理（含：财务管理、市场营销、人力资源管理）(A120202)","法学(B030101),人力资源管理(B120206)",,否,否,,江门
台山市人民检察院,4130005,四级检察官助理以下,41300052551001 ,从事检察辅助工作,检察院检察官助理职位,1,本科以上,学士以上,法学(A0301),法学类(B0301),,否,否,"通过法律职业资格考试;普通高等院校毕业生（非在职）, 研究生报考者本科须为法学专业且获法学学士学位",江门
开平市人民检察院,4130006,四级检察官助理以下,41300062551001 ,从事检察辅助工作,检察院检察官助理职位,2,本科以上,学士以上,"宪法学与行政法学(A030103),刑法学(A030104),民商法学（含：劳动法学、社会保障法学）(A030105),诉讼法学(A030106),法律（非法学）(A030111)",法学(B030101),,否,应届毕业生,女性;通过法律职业资格考试;普通高等院校毕业生（非在职）,江门
开平市人民检察院,4130006,四级检察官助理以下,41300062551002 ,从事检察辅助工作,检察院检察官助理职位,2,本科以上,学士以上,"宪法学与行政法学(A030103),刑法学(A030104),民商法学（含：劳动法学、社会保障法学）(A030105),诉讼法学(A030106),法律（非法学）(A030111)",法学(B030101),,否,应届毕业生,男性;通过法律职业资格考试;普通高等院校毕业生（非在职）,江门
开平市人民检察院,4130006,四级主任科员以下,41300062552001 ,从事财务工作,检察院司法行政职位,1,本科以上,学士以上,"会计学(A120201),会计硕士（专业硕士）(A120206)",会计学(B120203),,否,应届毕业生,,江门
恩平市人民检察院,4130007,四级检察官助理以下,41300072551001 ,从事检察辅助工作,检察院检察官助理职位,1,研究生,硕士以上,法学(A0301),,,否,应届毕业生,"男性;通过法律职业资格考试;普通高等院校毕业生（非在职）, 本科须为法学专业且获法学学士学位",江门
恩平市人民检察院,4130007,四级检察官助理以下,41300072551002 ,从事检察辅助工作,检察院检察官助理职位,1,研究生,硕士以上,法学(A0301),,,否,应届毕业生,"女性;通过法律职业资格考试;普通高等院校毕业生（非在职）, 本科须为法学专业且获法学学士学位",江门
恩平市人民检察院,4130007,四级检察官助理以下,41300072551003 ,从事检察辅助工作,检察院检察官助理职位,1,本科以上,学士以上,法学(A0301),法学类(B0301),,否,否,"男性;通过法律职业资格考试;普通高等院校毕业生（非在职）, 研究生报考者本科须为法学专业且获法学学士学位",江门
恩平市人民检察院,4130007,四级检察官助理以下,41300072551004 ,从事检察辅助工作,检察院检察官助理职位,1,本科以上,学士以上,法学(A0301),法学类(B0301),,否,否,"女性;通过法律职业资格考试;普通高等院校毕业生（非在职）, 研究生报考者本科须为法学专业且获法学学士学位",江门
江城区人民检察院,4140002,检察业务岗五级检察官助理,41400022551001 ,从事检察业务辅助工作,检察院检察官助理职位,1,本科以上,学士以上,06法律类,06法律类,,否,否,通过法律职业资格考试;普通高等院校毕业生（非在职）,阳江
阳东区人民检察院,4140003,第一检察部五级检察官助理,41400032551001 ,从事刑事检察工作,检察院检察官助理职位,1,本科以上,学士以上,法学(A0301),法学类(B0301),,否,应届毕业生,男性;通过法律职业资格考试;普通高等院校毕业生（非在职）,阳江
阳东区人民检察院,4140003,第一检察部五级检察官助理,41400032551002 ,从事刑事检察工作,检察院检察官助理职位,1,本科以上,学士以上,法学(A0301),法学类(B0301),,否,应届毕业生,女性;通过法律职业资格考试;普通高等院校毕业生（非在职）,阳江
阳春市人民检察院,4140004,第一检察部五级检察官助理,41400042551001 ,从事检察业务辅助工作,检察院检察官助理职位,1,本科以上,学士以上,06法律类,06法律类,,否,否,男性;通过法律职业资格考试;普通高等院校毕业生（非在职）,阳江
阳春市人民检察院,4140004,第一检察部五级检察官助理,41400042551002 ,从事检察业务辅助工作,检察院检察官助理职位,1,本科以上,学士以上,06法律类,06法律类,,否,否,女性;通过法律职业资格考试;普通高等院校毕业生（非在职）,阳江
阳春市人民检察院,4140004,第四检察部五级检察官助理,41400042551003 ,从事检察业务辅助工作,检察院检察官助理职位,1,本科以上,学士以上,06法律类,06法律类,,否,应届毕业生,男性;通过法律职业资格考试;普通高等院校毕业生（非在职）,阳江
阳春市人民检察院,4140004,第四检察部五级检察官助理,41400042551004 ,从事检察业务辅助工作,检察院检察官助理职位,1,本科以上,学士以上,06法律类,06法律类,,否,应届毕业生,女性;通过法律职业资格考试;普通高等院校毕业生（非在职）,阳江
阳西县人民检察院,4140005,检察业务岗五级检察官助理,41400052551001 ,从事检察业务辅助工作,检察院检察官助理职位,1,研究生,硕士,法学(A0301),,,否,否,男性;通过法律职业资格考试;普通高等院校毕业生（非在职）,阳江
阳西县人民检察院,4140005,检察业务岗五级检察官助理,41400052551002 ,从事检察业务辅助工作,检察院检察官助理职位,1,研究生,硕士,法学(A0301),,,否,否,女性;通过法律职业资格考试;普通高等院校毕业生（非在职）,阳江
阳西县人民检察院,4140005,办公室（司法警察大队）一级警员,41400052553001 ,从事办案保障等工作,检察院司法警察职位,1,本科以上,学士以上,法学(A0301),法学类(B0301),,否,否,男性,阳江
湛江市人民检察院,4150001,第一检察部五级检察官助理,41500012551001 ,从事刑事检察业务等工作,检察院检察官助理职位,1,研究生,硕士以上,06法律类,,,否,否,"男性;通过法律职业资格考试;普通高等院校毕业生（非在职）, 本科须为法学专业且获法学学士学位",湛江
湛江市人民检察院,4150001,第一检察部五级检察官助理,41500012551002 ,从事刑事检察业务等工作,检察院检察官助理职位,1,研究生,硕士以上,06法律类,,,否,否,"女性;通过法律职业资格考试;普通高等院校毕业生（非在职）, 本科须为法学专业且获法学学士学位",湛江
湛江经济技术开发区人民检察院,4150002,第一检察部四级检察官助理以下,41500022551001 ,从事司法辅助等工作,检察院检察官助理职位,1,本科以上,学士以上,06法律类,06法律类,,否,否,"男性;通过法律职业资格考试;普通高等院校毕业生（非在职）, 研究生报考者本科须为法学专业且获法学学士学位",湛江
湛江经济技术开发区人民检察院,4150002,第一检察部四级检察官助理以下,41500022551002 ,从事司法辅助等工作,检察院检察官助理职位,1,本科以上,学士以上,06法律类,06法律类,,否,否,"女性;通过法律职业资格考试;普通高等院校毕业生（非在职）, 研究生报考者本科须为法学专业且获法学学士学位",湛江
湛江市麻章区人民检察院,4150006,第一检察部五级检察官助理,41500062551001 ,从事检察业务辅助工作,检察院检察官助理职位,2,本科,学士,,法学类(B0301),,否,否,男性;通过法律职业资格考试;普通高等院校毕业生（非在职）,湛江
湛江市麻章区人民检察院,4150006,第一检察部五级检察官助理,41500062551002 ,从事检察业务辅助工作,检察院检察官助理职位,2,本科,学士,,法学类(B0301),,否,否,女性;通过法律职业资格考试;普通高等院校毕业生（非在职）,湛江
湛江市麻章区人民检察院,4150006,第二检察部四级检察官助理,41500062551003 ,从事检察业务辅助工作,检察院检察官助理职位,1,研究生,硕士,"刑法学(A030104),民商法学（含：劳动法学、社会保障法学）(A030105),诉讼法学(A030106),经济法学(A030107)",,,否,否,"通过法律职业资格考试;普通高等院校毕业生（非在职）, 本科须为法学专业且获法学学士学位",湛江
湛江市麻章区人民检察院,4150006,办公室一级科员,41500062552001 ,从事财务会计等相关工作,检察院司法行政职位,1,本科,学士,,"财政学(B020201),会计学(B120203),财务管理(B120204),审计学(B120207)",,否,否,,湛江
雷州市人民检察院,4150007,第一检察部四级检察官助理以下,41500072551001 ,从事司法辅助工作,检察院检察官助理职位,1,本科以上,学士以上,法学(A0301),法学类(B0301),,否,否,"男性;通过法律职业资格考试;普通高等院校毕业生（非在职）, 研究生报考者本科须为法学专业且获法学学士学位",湛江
雷州市人民检察院,4150007,第一检察部四级检察官助理以下,41500072551002 ,从事司法辅助工作,检察院检察官助理职位,1,本科以上,学士以上,法学(A0301),法学类(B0301),,否,否,"女性;通过法律职业资格考试;普通高等院校毕业生（非在职）, 研究生报考者本科须为法学专业且获法学学士学位",湛江
雷州市人民检察院,4150007,第四检察部四级检察官助理以下,41500072551003 ,从事司法辅助工作,检察院检察官助理职位,1,本科以上,学士以上,法学(A0301),法学类(B0301),,否,否,"男性;通过法律职业资格考试;普通高等院校毕业生（非在职）, 研究生报考者本科须为法学专业且获法学学士学位",湛江
雷州市人民检察院,4150007,第四检察部四级检察官助理以下,41500072551004 ,从事司法辅助工作,检察院检察官助理职位,1,本科以上,学士以上,法学(A0301),法学类(B0301),,否,否,"女性;通过法律职业资格考试;普通高等院校毕业生（非在职）, 研究生报考者本科须为法学专业且获法学学士学位",湛江
雷州市人民检察院,4150007,办公室四级主任科员以下,41500072552001 ,从事档案管理工作,检察院司法行政职位,1,本科以上,学士以上,图书情报与档案管理(A1205),图书情报与档案管理类(B1205),,否,否,,湛江
廉江市人民检察院,4150008,第一检察部五级检察官助理,41500082551001 ,从事检察业务辅助工作,检察院检察官助理职位,2,本科,学士,,法学类(B0301),,否,应届毕业生,男性;通过法律职业资格考试;普通高等院校毕业生（非在职）,湛江
廉江市人民检察院,4150008,第一检察部五级检察官助理,41500082551002 ,从事检察业务辅助工作,检察院检察官助理职位,2,本科,学士,,法学类(B0301),,否,应届毕业生,女性;通过法律职业资格考试;普通高等院校毕业生（非在职）,湛江
廉江市人民检察院,4150008,第二检察部四级检察官助理,41500082551003 ,从事检察业务辅助工作,检察院检察官助理职位,1,研究生,硕士,"刑法学(A030104),民商法学（含：劳动法学、社会保障法学）(A030105),诉讼法学(A030106),经济法学(A030107)",,,否,否,"通过法律职业资格考试;普通高等院校毕业生（非在职）, 本科须为法学专业且获法学学士学位",湛江
吴川市人民检察院,4150009,第一检察部五级检察官助理,41500092551001 ,从事检察业务辅助工作,检察院检察官助理职位,1,本科以上,学士以上,法学(A0301),法学类(B0301),,否,应届毕业生,男性;通过法律职业资格考试;普通高等院校毕业生（非在职）,湛江
吴川市人民检察院,4150009,第一检察部五级检察官助理,41500092551002 ,从事检察业务辅助工作,检察院检察官助理职位,1,本科以上,学士以上,法学(A0301),法学类(B0301),,否,应届毕业生,女性;通过法律职业资格考试;普通高等院校毕业生（非在职）,湛江
遂溪县人民检察院,4150010,第一检察部五级检察官助理,41500102551001 ,从事检察业务辅助工作,检察院检察官助理职位,1,本科,学士,,06法律类,,否,应届毕业生,男性;通过法律职业资格考试，未通过的录用后需在录用单位工作满5年;普通高等院校毕业生（非在职）,湛江
遂溪县人民检察院,4150010,第一检察部五级检察官助理,41500102551002 ,从事检察业务辅助工作,检察院检察官助理职位,1,本科,学士,,06法律类,,否,应届毕业生,女性;通过法律职业资格考试，未通过的录用后需在录用单位工作满5年;普通高等院校毕业生（非在职）,湛江
遂溪县人民检察院,4150010,第二检察部五级检察官助理,41500102551003 ,从事检察业务辅助工作,检察院检察官助理职位,1,本科,学士,,06法律类,,否,应届毕业生,通过法律职业资格考试，未通过的录用后需在录用单位工作满5年;普通高等院校毕业生（非在职）,湛江
遂溪县人民检察院,4150010,第四检察部五级检察官助理,41500102551004 ,从事检察业务辅助工作,检察院检察官助理职位,1,本科,学士,,"法学(B030101),知识产权(B030102)",,否,应届毕业生,男性;通过法律职业资格考试，未通过的录用后需在录用单位工作满5年;普通高等院校毕业生（非在职）,湛江
遂溪县人民检察院,4150010,第四检察部五级检察官助理,41500102551005 ,从事检察业务辅助工作,检察院检察官助理职位,1,本科,学士,,"法学(B030101),知识产权(B030102)",,否,应届毕业生,女性;通过法律职业资格考试，未通过的录用后需在录用单位工作满5年;普通高等院校毕业生（非在职）,湛江
遂溪县人民检察院,4150010,办公室一级科员,41500102552001 ,从事文秘工作,检察院司法行政职位,1,本科,学士,,"汉语言文学(B050101),汉语言(B050102),秘书学(B050107)",,否,应届毕业生,,湛江
徐闻县人民检察院,4150011,第一检察部四级检察官助理以下,41500112551001 ,从事司法辅助等工作,检察院检察官助理职位,1,本科以上,学士以上,06法律类,06法律类,,否,否,"通过法律职业资格考试;普通高等院校毕业生（非在职）, 研究生报考者本科须为法学专业且获法学学士学位",湛江
徐闻县人民检察院,4150011,办公室一级科员,41500112552001 ,从事财务管理工作,检察院司法行政职位,1,本科,学士,,"会计学(B120203),财务管理(B120204),审计学(B120207),财务会计教育(B120213)",,否,否,,湛江
茂名市茂南区人民检察院,4160002,政治部一级科员,41600022552001 ,从事司法行政工作,检察院司法行政职位,1,本科以上,学士以上,法学(A0301),法学(B030101),,否,应届毕业生,男性,茂名
茂名市茂南区人民检察院,4160002,政治部一级科员,41600022552002 ,从事司法行政工作,检察院司法行政职位,1,本科以上,学士以上,法学(A0301),法学(B030101),,否,应届毕业生,女性,茂名
茂名市茂南区人民检察院,4160002,办公室一级科员,41600022552003 ,从事司法行政工作,检察院司法行政职位,1,本科以上,学士以上,法学(A0301),法学(B030101),,否,应届毕业生,男性,茂名
茂名市茂南区人民检察院,4160002,办公室一级科员,41600022552004 ,从事司法行政工作,检察院司法行政职位,1,本科以上,学士以上,法学(A0301),法学(B030101),,否,应届毕业生,女性,茂名
茂名市电白区人民检察院,4160003,第一检察部五级检察官助理,41600032551001 ,从事协助检察官办案工作,检察院检察官助理职位,1,本科以上,学士以上,法学(A0301),法学类(B0301),,否,应届毕业生,"男性;通过法律职业资格考试;普通高等院校毕业生（非在职）, 研究生报考者本科须为法学专业且获法学学士学位",茂名
茂名市电白区人民检察院,4160003,第一检察部五级检察官助理,41600032551002 ,从事协助检察官办案工作,检察院检察官助理职位,1,本科以上,学士以上,法学(A0301),法学类(B0301),,否,应届毕业生,"女性;通过法律职业资格考试;普通高等院校毕业生（非在职）, 研究生报考者本科须为法学专业且获法学学士学位",茂名
茂名市电白区人民检察院,4160003,第二检察部五级检察官助理,41600032551003 ,从事协助检察官办案工作,检察院检察官助理职位,1,研究生,硕士,法学(A0301),,,否,应届毕业生,"男性;通过法律职业资格考试;普通高等院校毕业生（非在职）, 本科须为法学专业且获法学学士学位",茂名
茂名市电白区人民检察院,4160003,第二检察部五级检察官助理,41600032551004 ,从事协助检察官办案工作,检察院检察官助理职位,1,研究生,硕士,法学(A0301),,,否,应届毕业生,"女性;通过法律职业资格考试;普通高等院校毕业生（非在职）, 本科须为法学专业且获法学学士学位",茂名
茂名市电白区人民检察院,4160003,第四检察部五级检察官助理,41600032551005 ,从事协助检察官办案工作,检察院检察官助理职位,1,本科以上,学士以上,法学(A0301),法学类(B0301),,否,否,"男性;通过法律职业资格考试;普通高等院校毕业生（非在职）, 研究生报考者本科须为法学专业且获法学学士学位",茂名
茂名市电白区人民检察院,4160003,第四检察部五级检察官助理,41600032551006 ,从事协助检察官办案工作,检察院检察官助理职位,1,本科以上,学士以上,法学(A0301),法学类(B0301),,否,否,"女性;通过法律职业资格考试;普通高等院校毕业生（非在职）, 研究生报考者本科须为法学专业且获法学学士学位",茂名
茂名市电白区人民检察院,4160003,第五检察部五级检察官助理,41600032551007 ,从事协助检察官办案工作,检察院检察官助理职位,1,本科以上,学士以上,法学(A0301),法学类(B0301),,否,否,"男性;通过法律职业资格考试;普通高等院校毕业生（非在职）, 研究生报考者本科须为法学专业且获法学学士学位",茂名
茂名市电白区人民检察院,4160003,第五检察部五级检察官助理,41600032551008 ,从事协助检察官办案工作,检察院检察官助理职位,1,本科以上,学士以上,法学(A0301),法学类(B0301),,否,否,"女性;通过法律职业资格考试;普通高等院校毕业生（非在职）, 研究生报考者本科须为法学专业且获法学学士学位",茂名
茂名市电白区人民检察院,4160003,检务保障部一级科员,41600032552001 ,从事财务管理相关工作,检察院司法行政职位,1,本科,学士,,"会计学(B120203),财务管理(B120204)",,否,否,,茂名
信宜市人民检察院,4160004,第二检察部五级检察官助理,41600042551001 ,从事检察业务辅助工作,检察院检察官助理职位,1,研究生,硕士以上,法学(A0301),,,否,否,"通过法律职业资格考试，未通过的录用后需在录用单位工作满5年;普通高等院校毕业生（非在职）, 本科须为法学专业且获法学学士学位",茂名
高州市人民检察院,4160005,检察业务岗五级检察官助理,41600052551001 ,从事批捕、起诉工作,检察院检察官助理职位,1,本科以上,学士以上,法学(A0301),法学类(B0301),,否,否,男性;通过法律职业资格考试;普通高等院校毕业生（非在职）,茂名
高州市人民检察院,4160005,检察业务岗五级检察官助理,41600052551002 ,从事批捕、起诉工作,检察院检察官助理职位,1,本科以上,学士以上,法学(A0301),法学类(B0301),,否,否,女性;通过法律职业资格考试;普通高等院校毕业生（非在职）,茂名
高州市人民检察院,4160005,检察业务岗五级检察官助理,41600052551003 ,从事批捕、起诉工作,检察院检察官助理职位,1,本科以上,学士以上,法学(A0301),法学类(B0301),,否,否,通过法律职业资格考试;普通高等院校毕业生（非在职）,茂名
高州市人民检察院,4160005,司法行政岗一级科员,41600052552001 ,从事办公室管理、文秘、工资福利等工作,检察院司法行政职位,1,本科以上,学士以上,"中国语言文学(A0501),企业管理（含：财务管理、市场营销、人力资源管理）(A120202)","中国语言文学类(B0501),人力资源管理(B120206)",,否,2025届高校毕业生,男性,茂名
高州市人民检察院,4160005,司法行政岗一级科员,41600052552002 ,从事办公室管理、文秘、工资福利等工作,检察院司法行政职位,1,本科以上,学士以上,"中国语言文学(A0501),企业管理（含：财务管理、市场营销、人力资源管理）(A120202)","中国语言文学类(B0501),人力资源管理(B120206)",,否,2025届高校毕业生,女性,茂名
化州市人民检察院,4160006,第一检察部五级检察官助理,41600062551001 ,从事协助检察相关业务工作,检察院检察官助理职位,3,本科以上,学士以上,法学(A0301),"法学(B030101),知识产权(B030102)",,否,2025届高校毕业生,通过法律职业资格考试;普通高等院校毕业生（非在职）,茂名
化州市人民检察院,4160006,办公室（司法警察大队）一级警员,41600062553001 ,从事司法警察工作,检察院司法警察职位,1,本科以上,学士以上,"法学(A0301),公安学(A0306)","法学(B030101),公安学类(B0306)",,否,否,,茂名
肇庆市端州区人民检察院,4170002,五级检察官助理,41700022551001 ,从事检察业务辅助工作,检察院检察官助理职位,1,研究生,硕士,"法学理论(A030101),宪法学与行政法学(A030103),刑法学(A030104)",,,否,否,男性;通过法律职业资格考试;普通高等院校毕业生（非在职）,肇庆
肇庆市端州区人民检察院,4170002,五级检察官助理,41700022551002 ,从事检察业务辅助工作,检察院检察官助理职位,1,研究生,硕士,"法学理论(A030101),宪法学与行政法学(A030103),刑法学(A030104)",,,否,否,女性;通过法律职业资格考试;普通高等院校毕业生（非在职）,肇庆
肇庆市鼎湖区人民检察院,4170003,办公室（司法警察大队）四级警长,41700032553001 ,从事司法警察工作,检察院司法警察职位,1,研究生,硕士,法学(A0301),,,否,否,男性,肇庆
四会市人民检察院,4170004,五级检察官助理,41700042551001 ,从事检察业务辅助工作,检察院检察官助理职位,1,研究生,硕士,法学(A0301),,,否,否,男性;通过法律职业资格考试;普通高等院校毕业生（非在职）,肇庆
四会市人民检察院,4170004,五级检察官助理,41700042551002 ,从事检察业务辅助工作,检察院检察官助理职位,1,研究生,硕士,法学(A0301),,,否,否,女性;通过法律职业资格考试;普通高等院校毕业生（非在职）,肇庆
肇庆市高要区人民检察院,4170005,五级检察官助理,41700052551001 ,从事检察业务辅助工作,检察院检察官助理职位,1,研究生,硕士,法学(A0301),,,否,应届毕业生,男性;通过法律职业资格考试;普通高等院校毕业生（非在职）,肇庆
肇庆市高要区人民检察院,4170005,五级检察官助理,41700052551002 ,从事检察业务辅助工作,检察院检察官助理职位,1,研究生,硕士,法学(A0301),,,否,应届毕业生,女性;通过法律职业资格考试;普通高等院校毕业生（非在职）,肇庆
广宁县人民检察院,4170006,政治部一级科员,41700062552001 ,从事党务人事、综合行政工作,检察院司法行政职位,1,本科以上,学士、硕士,"政治学理论(A030201),社会学(A030301),思想政治教育(A030505),汉语言文字学(A050103),新闻学(A050301)","政治学与行政学(B030201),社会学(B030301),思想政治教育(B030503),马克思主义理论(B030504),汉语言文学(B050101),新闻学(B050301)",,否,否,中共党员,肇庆
广宁县人民检察院,4170006,办公室（司法警察大队）四级警长以下,41700062553001 ,从事司法警察工作,检察院司法警察职位,1,本科以上,学士、硕士,法学(A0301),法学类(B0301),,否,应届毕业生,男性,肇庆
德庆县人民检察院,4170007,四级检察官助理以下,41700072551001 ,从事检察业务辅助工作,检察院检察官助理职位,1,本科以上,学士、硕士,法学(A0301),法学类(B0301),,否,否,通过法律职业资格考试;普通高等院校毕业生（非在职）,肇庆
封开县人民检察院,4170008,五级检察官助理,41700082551001 ,从事检察业务辅助工作,检察院检察官助理职位,1,本科以上,学士、硕士,法学(A0301),法学类(B0301),,否,否,男性;通过法律职业资格考试;普通高等院校毕业生（非在职）,肇庆
封开县人民检察院,4170008,五级检察官助理,41700082551002 ,从事检察业务辅助工作,检察院检察官助理职位,1,本科以上,学士、硕士,法学(A0301),法学类(B0301),,否,否,女性;通过法律职业资格考试;普通高等院校毕业生（非在职）,肇庆
封开县人民检察院,4170008,一级科员,41700082552001 ,从事检察院财务等行政管理工作,检察院司法行政职位,1,本科以上,学士、硕士,"会计学(A120201),会计硕士（专业硕士）(A120206)","会计学(B120203),财务管理(B120204),审计学(B120207)",,否,否,,肇庆
封开县人民检察院,4170008,一级科员,41700082552002 ,从事检察院行政管理工作,检察院司法行政职位,1,本科以上,学士、硕士,"法学(A0301),政治学(A0302),马克思主义理论(A0305),汉语言文字学(A050103),计算机科学与技术(A0812)","法学类(B0301),政治学类(B0302),马克思主义理论类(B0305),汉语言文学(B050101),计算机科学与技术(B080901),软件工程(B080902),网络工程(B080903),信息安全(B080904),数据科学与大数据技术(B080910)",,否,否,,肇庆
怀集县人民检察院,4170009,五级检察官助理,41700092551001 ,从事检察业务辅助工作,检察院检察官助理职位,1,本科以上,学士、硕士,法学(A0301),法学类(B0301),,否,否,通过法律职业资格考试;普通高等院校毕业生（非在职）,肇庆
怀集县人民检察院,4170009,政治部一级科员,41700092552001 ,从事党建和司法行政工作,检察院司法行政职位,1,本科以上,学士、硕士,"政治学(A0302),马克思主义理论(A0305),汉语言文字学(A050103),新闻传播学(A0503)","政治学类(B0302),马克思主义理论类(B0305),汉语言文学(B050101),新闻传播学类(B0503)",,否,否,中共党员,肇庆
清远市清新区人民检察院,4180003,第一检察部五级检察官助理,41800032551001 ,从事辅助办案工作,检察院检察官助理职位,1,研究生,硕士,法学(A0301),,,否,否,"男性;通过法律职业资格考试;普通高等院校毕业生（非在职）, 本科须为法学专业且获法学学士学位",清远
清远市清新区人民检察院,4180003,第一检察部五级检察官助理,41800032551002 ,从事辅助办案工作,检察院检察官助理职位,1,研究生,硕士,法学(A0301),,,否,否,"女性;通过法律职业资格考试;普通高等院校毕业生（非在职）, 本科须为法学专业且获法学学士学位",清远
英德市人民检察院,4180004,第一检察部五级检察官助理,41800042551001 ,从事协助开展普通犯罪、重大犯罪检察等工作,检察院检察官助理职位,1,本科以上,学士以上,法学(A0301),法学类(B0301),,否,否,"男性;通过法律职业资格考试;普通高等院校毕业生（非在职）, 研究生报考者本科须为法学专业且获法学学士学位",清远
英德市人民检察院,4180004,第一检察部五级检察官助理,41800042551002 ,从事协助开展普通犯罪、重大犯罪检察等工作,检察院检察官助理职位,1,本科以上,学士以上,法学(A0301),法学类(B0301),,否,否,"女性;通过法律职业资格考试;普通高等院校毕业生（非在职）, 研究生报考者本科须为法学专业且获法学学士学位",清远
英德市人民检察院,4180004,第四检察部五级检察官助理,41800042551003 ,从事协助开展民事、行政、公益诉讼检察等工作,检察院检察官助理职位,1,本科以上,学士以上,法学(A0301),法学类(B0301),,否,否,"通过法律职业资格考试;普通高等院校毕业生（非在职）, 研究生报考者本科须为法学专业且获法学学士学位",清远
清远市阳山县人民检察院,4180007,第一检察部五级检察官助理,41800072551001 ,从事辅助办案工作,检察院检察官助理职位,1,本科以上,学士以上,法学(A0301),法学类(B0301),,否,否,通过法律职业资格考试;普通高等院校毕业生（非在职）,清远
连山壮族瑶族自治县人民检察院,4180008,第一检察部五级检察官助理,41800082551001 ,从事辅助办案工作,检察院检察官助理职位,1,本科以上,学士以上,法学(A0301),法学类(B0301),,否,否,"男性;通过法律职业资格考试;普通高等院校毕业生（非在职）, 研究生报考者本科须为法学专业且获法学学士学位",清远
连山壮族瑶族自治县人民检察院,4180008,第一检察部五级检察官助理,41800082551002 ,从事辅助办案工作,检察院检察官助理职位,1,本科以上,学士以上,法学(A0301),法学类(B0301),,否,否,"女性;通过法律职业资格考试;普通高等院校毕业生（非在职）, 研究生报考者本科须为法学专业且获法学学士学位",清远
连山壮族瑶族自治县人民检察院,4180008,办公室（司法警察大队）一级警员,41800082553001 ,从事司法警察工作,检察院司法警察职位,1,本科,学士,,"治安学(B030601),经济犯罪侦查(B030606),犯罪学(B030611)",,否,否,男性,清远
饶平县人民检察院,4190002,内设机构五级检察官助理,41900022551001 ,从事检察业务辅助工作,检察院检察官助理职位,2,本科,学士,,法学类(B0301),,否,否,男性;通过法律职业资格考试;普通高等院校毕业生（非在职）,潮州
饶平县人民检察院,4190002,内设机构五级检察官助理,41900022551002 ,从事检察业务辅助工作,检察院检察官助理职位,2,本科,学士,,法学类(B0301),,否,否,女性;通过法律职业资格考试;普通高等院校毕业生（非在职）,潮州
潮州市潮安区人民检察院,4190003,内设机构四级主任科员,41900032552001 ,从事文字材料撰写、综合行政管理等相关工作,检察院司法行政职位,1,研究生,硕士,"中国语言文学(A0501),新闻传播学(A0503)",,,否,否,,潮州
潮州市湘桥区人民检察院,4190004,办公室（司法警察大队）一级警员,41900042553001 ,从事检察司法警察工作,检察院司法警察职位,1,本科,学士,,法学类(B0301),,否,应届毕业生,男性,潮州
揭阳市人民检察院,4200001,司法行政部门四级主任科员,42000012552001 ,从事司法行政相关工作,检察院司法行政职位,1,研究生,硕士,"法学(A0301),中国语言文学(A0501)",,,否,否,男性,揭阳
揭阳市人民检察院,4200001,司法行政部门四级主任科员,42000012552002 ,从事司法行政相关工作,检察院司法行政职位,1,研究生,硕士,"法学(A0301),中国语言文学(A0501)",,,否,否,女性,揭阳
普宁市人民检察院,4200004,检察业务部门四级检察官助理,42000042551001 ,从事检察业务辅助工作,检察院检察官助理职位,1,研究生,硕士,法学(A0301),,,否,否,男性;通过法律职业资格考试;普通高等院校毕业生（非在职）,揭阳
普宁市人民检察院,4200004,检察业务部门四级检察官助理,42000042551002 ,从事检察业务辅助工作,检察院检察官助理职位,1,研究生,硕士,法学(A0301),,,否,否,女性;通过法律职业资格考试;普通高等院校毕业生（非在职）,揭阳
普宁市人民检察院,4200004,政治部四级主任科员以下,42000042552001 ,从事党务、综合文字工作,检察院司法行政职位,1,本科以上,学士以上,"马克思主义理论(A0305),中国语言文学(A0501),新闻传播学(A0503)","马克思主义理论类(B0305),中国语言文学类(B0501),新闻传播学类(B0503)",,否,否,中共党员,揭阳
揭西县人民检察院,4200005,检察业务部门五级检察官助理,42000052551001 ,从事检察业务辅助工作,检察院检察官助理职位,1,本科,学士,,法学类(B0301),,否,否,男性;通过法律职业资格考试;普通高等院校毕业生（非在职）,揭阳
揭西县人民检察院,4200005,检察业务部门五级检察官助理,42000052551002 ,从事检察业务辅助工作,检察院检察官助理职位,1,本科,学士,,法学类(B0301),,否,否,女性;通过法律职业资格考试;普通高等院校毕业生（非在职）,揭阳
揭西县人民检察院,4200005,检察业务部门五级检察官助理,42000052551003 ,从事检察业务辅助工作,检察院检察官助理职位,1,本科,学士,,法学类(B0301),,否,否,通过法律职业资格考试;普通高等院校毕业生（非在职）,揭阳
惠来县人民检察院,4200006,检察业务部门四级检察官助理以下,42000062551001 ,从事检察业务辅助工作,检察院检察官助理职位,2,本科以上,学士以上,法学(A0301),法学类(B0301),,否,否,男性;通过法律职业资格考试;普通高等院校毕业生（非在职）,揭阳
惠来县人民检察院,4200006,检察业务部门四级检察官助理以下,42000062551002 ,从事检察业务辅助工作,检察院检察官助理职位,2,本科以上,学士以上,法学(A0301),法学类(B0301),,否,否,女性;通过法律职业资格考试;普通高等院校毕业生（非在职）,揭阳
惠来县人民检察院,4200006,检察业务部门四级检察官助理以下,42000062551003 ,从事检察业务辅助工作,检察院检察官助理职位,1,本科以上,学士以上,法学(A0301),法学类(B0301),,否,否,通过法律职业资格考试，未通过的录用后需在录用单位工作满5年;普通高等院校毕业生（非在职）,揭阳
云浮市人民检察院,4210001,计划财务装备科一级科员,42100012552001 ,从事会计、财务管理工作,检察院司法行政职位,1,本科以上,学士以上,"审计硕士（专业硕士）(A020218),会计学(A120201),企业管理（含：财务管理、市场营销、人力资源管理）(A120202),会计硕士（专业硕士）(A120206)","会计学(B120203),财务管理(B120204),审计学(B120207)",,否,否,企业管理（限：财务管理）（A120202）,云浮
云城区人民检察院,4210002,办公室（司法警察大队）一级科员,42100022552001 ,从事会计、财务管理工作,检察院司法行政职位,1,本科以上,学士以上,"审计硕士（专业硕士）(A020218),会计学(A120201),企业管理（含：财务管理、市场营销、人力资源管理）(A120202),会计硕士（专业硕士）(A120206)","会计学(B120203),财务管理(B120204),审计学(B120207)",,否,否,企业管理（限：财务管理）（A120202）,云浮
罗定市人民检察院,4210003,第一检察部四级检察官助理以下,42100032551001 ,从事检察官助理工作,检察院检察官助理职位,1,本科以上,学士以上,06法律类,06法律类,,否,否,通过法律职业资格考试;普通高等院校毕业生（非在职）,云浮
罗定市人民检察院,4210003,第二检察部四级检察官助理以下,42100032551002 ,从事检察官助理工作,检察院检察官助理职位,1,本科以上,学士以上,06法律类,06法律类,,否,否,通过法律职业资格考试，未通过的录用后需在录用单位工作满5年;普通高等院校毕业生（非在职）,云浮
罗定市人民检察院,4210003,办公室（司法警察大队）四级主任科员以下,42100032552001 ,从事会计、财务管理工作,检察院司法行政职位,1,本科以上,学士以上,"国际商务硕士（专业硕士）(A020215),审计硕士（专业硕士）(A020218),会计学(A120201),企业管理（含：财务管理、市场营销、人力资源管理）(A120202),会计硕士（专业硕士）(A120206)","国际经济与贸易(B020401),会计学(B120203),财务管理(B120204),审计学(B120207)",,否,否,企业管理（限：财务管理）（A120202）,云浮
罗定市人民检察院,4210003,办公室（司法警察大队）四级警长以下,42100032553001 ,从事司法警察工作,检察院司法警察职位,1,本科以上,学士以上,"法学(A0301),公安学(A0306),体育学(A0403),公安技术(A0838)","法学类(B0301),公安学类(B0306),体育学类(B0402),公安技术类(B0831)",,否,否,男性,云浮
云浮市新兴县人民检察院,4210004,检察业务岗四级检察官助理以下,42100042551001 ,从事检察官助理工作,检察院检察官助理职位,1,本科以上,学士以上,"民商法学（含：劳动法学、社会保障法学）(A030105),诉讼法学(A030106),环境与资源保护法学(A030108),国际法学（含：国际公法、国际私法、国际经济法）(A030109)","法学(B030101),知识产权(B030102)",,否,否,女性;通过法律职业资格考试;普通高等院校毕业生（非在职）,云浮
云浮市新兴县人民检察院,4210004,检察业务岗四级检察官助理以下,42100042551002 ,从事检察官助理工作,检察院检察官助理职位,1,本科以上,学士以上,"民商法学（含：劳动法学、社会保障法学）(A030105),诉讼法学(A030106),环境与资源保护法学(A030108),国际法学（含：国际公法、国际私法、国际经济法）(A030109)","法学(B030101),知识产权(B030102)",,否,否,男性;通过法律职业资格考试;普通高等院校毕业生（非在职）,云浮
云浮市新兴县人民检察院,4210004,办公室（司法警察大队）四级主任科员以下,42100042552001 ,从事办公室行政工作,检察院司法行政职位,1,本科以上,学士以上,"中国语言文学(A0501),计算机科学与技术(A0812)","中国语言文学类(B0501),计算机类(B0809)",,否,否,,云浮
云浮市郁南县人民检察院,4210005,检察业务岗四级检察官助理以下,42100052551001 ,从事检察官助理工作,检察院检察官助理职位,1,本科以上,学士以上,06法律类,06法律类,,否,否,男性;通过法律职业资格考试;普通高等院校毕业生（非在职）,云浮
云浮市郁南县人民检察院,4210005,检察业务岗四级检察官助理以下,42100052551002 ,从事检察官助理工作,检察院检察官助理职位,1,本科以上,学士以上,06法律类,06法律类,,否,否,女性;通过法律职业资格考试;普通高等院校毕业生（非在职）,云浮
云浮市云安区人民检察院,4210006,检察业务岗五级检察官助理,42100062551001 ,从事检察官助理工作,检察院检察官助理职位,1,本科以上,学士以上,法学(A0301),法学类(B0301),,否,否,男性;通过法律职业资格考试;普通高等院校毕业生（非在职）,云浮
云浮市云安区人民检察院,4210006,检察业务岗五级检察官助理,42100062551002 ,从事检察官助理工作,检察院检察官助理职位,1,本科以上,学士以上,法学(A0301),法学类(B0301),,否,否,女性;通过法律职业资格考试;普通高等院校毕业生（非在职）,云浮
